,East Metal Co.,Sakura Steelworks,Black Forest Steel Co.
2026-06-01,719.0383,830.4107,835.06226
2026-06-02,718.0647,830.7909,835.9373
2026-06-03,718.80975,830.7909,836.7691
2026-06-04,718.7266,830.2079,837.94586
2026-06-05,718.96533,830.1443,838.46686
2026-06-06,719.1956,831.2076,839.35004
2026-06-07,718.914,831.33606,839.3777
2026-06-08,718.75397,830.42596,839.0352
2026-06-09,718.14374,830.42596,838.5342
2026-06-10,718.6641,830.42596,838.65137
2026-06-11,718.72504,830.8509,837.95276
2026-06-12,717.9244,830.30597,838.13544
2026-06-13,718.4666,830.46155,838.4161
2026-06-14,719.26227,830.8137,839.4188
2026-06-15,719.3232,830.4109,839.70483
2026-06-16,717.89026,830.6351,840.1859
2026-06-17,718.1243,830.4926,841.49133
2026-06-18,718.1932,831.013,842.8375
2026-06-19,718.1243,830.90497,845.9672
2026-06-20,717.09247,830.7707,847.1107
2026-06-21,715.35333,830.6372,846.63324
2026-06-22,714.6451,830.4676,846.9381
2026-06-23,714.2625,830.4676,847.33344
2026-06-24,714.04285,831.02057,847.8018
2026-06-25,712.56854,831.1103,847.62354
2026-06-26,711.36816,831.0159,847.6161
2026-06-27,710.70996,831.24194,847.39996
2026-06-28,710.69037,832.1206,847.1353
2026-06-29,710.2824,834.97363,847.1573
2026-06-30,710.2408,835.92145,847.43353
2026-07-01,708.52856,838.42914,847.2279
2026-07-02,707.3338,839.6418,846.84406
2026-07-03,706.85565,839.4228,847.63043
2026-07-04,706.77527,839.7462,847.1631
2026-07-05,706.8198,839.84607,847.2977
2026-07-06,705.7627,841.36505,847.2545
2026-07-07,704.943,841.36505,847.40015
2026-07-08,703.76117,841.1214,847.06177
2026-07-09,701.90533,840.4029,847.21783
2026-07-10,701.44293,840.30225,847.24786
2026-07-11,700.8798,840.5261,847.238
2026-07-12,702.46716,840.35077,847.3504
2026-07-13,700.3882,840.3332,847.20374
2026-07-14,700.22217,837.1662,846.88525
2026-07-15,700.28467,836.19916,847.72406
2026-07-16,700.62146,835.9229,845.8836
2026-07-17,700.4764,836.1373,844.7215
2026-07-18,700.49713,835.0079,844.7914
2026-07-19,701.30676,832.79974,844.1716
2026-07-20,701.5158,831.86035,844.0316
2026-07-21,700.6159,831.66394,843.5598
2026-07-22,700.7615,831.61835,843.7975
2026-07-23,701.7526,831.6377,843.7279
2026-07-24,700.80756,831.6304,843.7279
2026-07-25,700.7492,831.48773,842.73224
2026-07-26,700.90137,830.2979,842.8015
2026-07-27,701.302,829.2402,842.7401
2026-07-28,701.16595,827.75366,843.15424
2026-07-29,701.4177,826.9245,843.15424
2026-07-30,700.4359,826.513,843.20953
2026-07-31,700.0457,825.4684,843.20953
2026-08-01,699.5992,825.8202,843.20953
2026-08-02,698.8915,825.2891,842.8831
2026-08-03,696.865,824.07025,842.7276
2026-08-04,695.55914,824.87683,842.9652
2026-08-05,694.0217,825.1596,842.5748
2026-08-06,693.9355,824.8006,839.82153
2026-08-07,693.0872,824.7945,838.5502
2026-08-08,693.82007,824.64233,836.43616
2026-08-09,693.90784,824.7286,835.83905
2026-08-10,693.6951,824.6215,835.6146
2026-08-11,693.41364,824.37305,835.98944
2026-08-12,693.77637,824.66943,835.7885
2026-08-13,692.8032,823.6318,835.9618
2026-08-14,692.246,824.1177,835.7167
2026-08-15,691.4016,822.5407,835.6438
2026-08-16,690.60895,822.1029,835.97473
2026-08-17,691.062,821.23694,836.30255
2026-08-18,691.0432,821.4855,836.2156
2026-08-19,691.0432,821.23254,836.3717
2026-08-20,691.0432,820.32764,836.35815
2026-08-21,690.87854,820.50055,835.7618
2026-08-22,690.9447,820.3854,835.8039
2026-08-23,690.6513,819.6981,835.6436
2026-08-24,690.68085,819.9097,835.83563
2026-08-25,690.611,819.89343,835.80707
2026-08-26,690.3641,819.89343,835.9067
2026-08-27,690.17395,819.6988,836.256
2026-08-28,690.734,820.26337,836.256
2026-08-29,691.23486,820.0855,836.2487
2026-08-30,691.501,820.0274,836.2704
2026-08-31,690.6854,820.9633,836.5243
2026-09-01,692.26776,820.8496,836.31256
2026-09-02,691.6725,820.96326,835.4087
2026-09-03,691.4412,820.6939,836.0961
2026-09-04,690.85944,821.2844,835.4954
2026-09-05,690.1404,821.27783,835.6894
2026-09-06,689.9029,820.67804,835.6894
2026-09-07,689.38086,819.8569,835.9829
2026-09-08,688.34045,820.03094,836.07996
2026-09-09,687.6274,820.6488,836.4798
2026-09-10,687.2173,820.7142,836.5578
2026-09-11,685.79175,821.7668,835.23846
2026-09-12,685.83575,822.25183,834.2014
2026-09-13,685.86304,821.8506,833.3462
2026-09-14,685.6389,822.168,835.6915
2026-09-15,685.6389,822.17676,837.38617
2026-09-16,685.24164,822.40765,838.61664
2026-09-17,683.6254,822.40765,838.51294
2026-09-18,682.3558,823.00696,839.25305
2026-09-19,680.8299,824.62775,840.0659
2026-09-20,679.78534,824.3111,839.9682
2026-09-21,679.7162,824.1322,840.0476
2026-09-22,680.0742,824.523,840.1016
2026-09-23,680.5374,824.3619,840.68176
2026-09-24,680.9396,824.23944,841.7283
2026-09-25,680.6112,824.5611,841.482
2026-09-26,680.6112,824.40063,841.95074
2026-09-27,680.37866,824.5163,841.766
2026-09-28,680.3432,824.3936,841.766
2026-09-29,680.54474,824.53436,841.08923
2026-09-30,680.45245,825.0669,842.06604
2026-10-01,681.1291,825.56226,841.61755
2026-10-02,680.6191,826.43585,840.62885
2026-10-03,680.6558,826.4496,838.1975
2026-10-04,680.52466,826.6868,837.49725
2026-10-05,680.36615,827.2335,837.1151
2026-10-06,680.3273,826.7095,836.679
2026-10-07,680.46246,827.47736,835.9084
2026-10-08,680.50134,826.86835,836.0446
2026-10-09,680.47327,826.60065,835.9489
2026-10-10,680.5167,826.77954,835.2727
2026-10-11,681.46545,826.1375,836.16113
2026-10-12,682.65924,824.14044,835.5861
2026-10-13,682.8024,823.84155,837.01196
2026-10-14,681.81854,824.34326,837.1389
2026-10-15,682.8384,823.6046,836.0644
2026-10-16,682.1628,823.7349,836.07556
2026-10-17,681.8338,823.5632,836.05304
2026-10-18,681.5122,824.0043,836.009
2026-10-19,681.06244,822.85114,834.9782
2026-10-20,680.12836,823.1054,834.6385
2026-10-21,679.1373,823.22534,834.8467
2026-10-22,676.68677,823.45776,834.6914
2026-10-23,675.8783,822.99634,834.6914
2026-10-24,672.79297,823.48395,834.9267
2026-10-25,670.9999,823.33075,835.0255
2026-10-26,670.78687,823.24646,835.3162
2026-10-27,670.53485,822.94604,835.2632
2026-10-28,670.3674,821.9265,833.76666
2026-10-29,670.1535,820.7788,832.9565
2026-10-30,669.82623,820.2729,830.0968
2026-10-31,670.25757,820.2499,828.1238
2026-11-01,670.50397,819.19794,827.99164
2026-11-02,670.4026,819.3286,827.97156
2026-11-03,670.14655,818.8574,828.5909
2026-11-04,670.4026,817.2556,828.0686
2026-11-05,670.4026,816.291,827.36334
2026-11-06,670.2985,814.8348,825.87744
2026-11-07,670.7405,814.1756,824.2837
2026-11-08,671.0423,813.34064,822.5518
2026-11-09,671.53815,812.8101,820.917
2026-11-10,671.53815,813.06506,820.4416
2026-11-11,671.7753,812.4766,818.70715
2026-11-12,670.444,811.1117,818.55804
2026-11-13,670.444,809.8789,818.5429
2026-11-14,671.00525,808.1246,818.2562
2026-11-15,670.6208,806.24384,817.84705
2026-11-16,670.6208,805.9766,817.1933
2026-11-17,670.6208,806.29803,816.27026
2026-11-18,670.4463,806.001,815.3171
2026-11-19,670.24054,806.38605,815.03516
2026-11-20,670.16583,806.01483,814.92236
2026-11-21,670.44617,806.21216,814.46643
2026-11-22,670.5461,806.6432,814.3497
2026-11-23,670.3533,806.8025,814.16956
2026-11-24,670.96155,806.6734,813.85645
2026-11-25,670.01794,807.47034,814.507
2026-11-26,669.34125,807.1836,814.0496
2026-11-27,669.4666,806.67395,814.05835
2026-11-28,669.35767,806.6938,814.2134
2026-11-29,669.35767,806.6938,813.9741
2026-11-30,669.35767,807.0,813.66925
2026-12-01,668.8695,806.48773,813.5811
2026-12-02,667.1776,805.74695,813.3754
2026-12-03,665.8096,804.69324,813.05914
2026-12-04,664.5793,803.47015,813.18286
2026-12-05,663.8634,802.34424,813.0628
2026-12-06,663.1166,801.84863,812.86005
2026-12-07,663.1166,801.16003,813.3051
2026-12-08,663.1602,799.59973,813.14795
2026-12-09,663.45905,798.6709,812.406
2026-12-10,662.79785,797.1156,811.8532
2026-12-11,663.4553,797.37964,811.4014
2026-12-12,662.49384,797.5993,809.8033
2026-12-13,661.3872,796.87683,809.0745
2026-12-14,660.282,795.88715,807.98676
2026-12-15,658.2652,796.00714,807.246
2026-12-16,655.79767,796.21094,807.48676
2026-12-17,654.39557,796.24884,807.9203
2026-12-18,653.5837,795.75525,807.71783
2026-12-19,654.3486,794.50433,806.7738
2026-12-20,655.507,793.7155,806.43774
2026-12-21,655.6486,793.8299,805.9908
2026-12-22,655.7011,793.6528,804.8958
2026-12-23,655.8655,794.018,803.8024
2026-12-24,655.65814,794.3949,803.14343
2026-12-25,655.5423,794.29565,802.1731
2026-12-26,655.0759,793.6279,801.3565
2026-12-27,655.6525,793.7299,802.3094
2026-12-28,655.37103,793.7015,799.9745
2026-12-29,654.63837,793.54315,799.09644
2026-12-30,653.33435,793.38617,798.1465
2026-12-31,653.56586,792.9733,797.4196
2027-01-01,654.74585,793.2197,794.51776
2027-01-02,655.24445,794.1916,793.29944
2027-01-03,655.3374,794.8452,793.2995
2027-01-04,656.0436,795.7245,792.9898
2027-01-05,656.21716,796.61414,792.0742
2027-01-06,656.247,797.19,789.3895
2027-01-07,656.8716,796.5741,788.8304
2027-01-08,657.7896,796.5982,790.5955
2027-01-09,657.31537,797.3442,791.3845
2027-01-10,656.9732,798.32666,791.9056
2027-01-11,657.2314,799.3581,791.5031
2027-01-12,657.45123,800.05176,791.5605
2027-01-13,657.28864,800.32855,790.306
2027-01-14,657.8883,800.9578,788.98517
2027-01-15,658.0302,801.27185,788.1514
2027-01-16,657.50946,800.8498,788.6639
2027-01-17,656.9678,800.68036,789.55334
2027-01-18,657.2887,801.3101,789.4908
2027-01-19,656.9481,800.62384,788.44214
2027-01-20,657.2545,801.1191,787.6473
2027-01-21,657.2545,801.5223,787.2329
2027-01-22,657.1171,802.23395,787.0288
2027-01-23,657.26855,802.1855,787.7983
2027-01-24,657.26855,801.7738,789.18866
2027-01-25,657.26855,802.18964,789.0539
2027-01-26,656.9419,801.6739,789.24146
2027-01-27,656.8375,802.0656,789.168
2027-01-28,656.4945,802.4629,789.168
2027-01-29,657.03955,803.3635,789.4039
2027-01-30,657.03955,802.82556,789.8892
2027-01-31,657.36847,803.4828,789.8498
2027-02-01,656.9436,802.82587,790.2063
2027-02-02,657.27026,803.12646,790.7571
2027-02-03,657.1761,803.1871,791.22784
2027-02-04,656.6942,803.05597,791.7854
2027-02-05,657.15375,802.72253,792.12415
2027-02-06,656.8994,802.83514,791.4952
2027-02-07,657.1829,803.55,791.763
2027-02-08,657.2678,802.69727,792.12885
2027-02-09,657.4307,803.14856,790.9536
2027-02-10,657.7214,802.72253,791.1681
2027-02-11,658.25256,803.19104,791.7865
2027-02-12,658.2985,803.48096,792.05676
2027-02-13,658.0378,803.2079,792.1123
2027-02-14,658.0949,803.0871,792.08887
2027-02-15,657.82166,802.9564,792.08887
2027-02-16,658.2869,803.3257,791.6144
2027-02-17,657.92896,803.4298,791.6447
2027-02-18,657.76495,803.06805,791.4725
2027-02-19,657.9668,803.393,791.36017
2027-02-20,657.7442,803.0276,791.1467
2027-02-21,658.39465,803.47205,791.417
2027-02-22,658.3001,803.0477,790.9549
2027-02-23,657.61914,802.98914,790.99603
2027-02-24,656.7061,802.98914,790.66583
2027-02-25,657.4735,803.1289,790.8975
2027-02-26,657.91846,803.2338,791.24695
2027-02-27,658.3685,803.6606,791.16125
2027-02-28,658.3742,803.6422,791.9718
2027-03-01,658.3742,803.8132,790.5215
2027-03-02,658.3742,803.5167,789.9639
2027-03-03,658.3742,803.22327,789.2941
2027-03-04,658.3742,803.3296,789.2794
2027-03-05,658.3742,803.7503,789.68567
2027-03-06,658.15765,803.926,789.71857
2027-03-07,658.4665,802.7012,790.3681
2027-03-08,658.5738,802.55994,790.0537
2027-03-09,658.006,802.672,790.2185
2027-03-10,657.8987,802.30444,790.5312
2027-03-11,657.8987,802.14996,791.5784
2027-03-12,658.3687,801.4723,792.24243
2027-03-13,658.8734,801.6515,792.85944
2027-03-14,659.37195,801.5979,793.4778
2027-03-15,661.1175,801.2296,794.02295
2027-03-16,662.87067,800.4439,795.4769
2027-03-17,663.8776,800.07184,795.7432
2027-03-18,664.1323,799.88806,795.8155
2027-03-19,664.7731,799.7744,796.22064
2027-03-20,664.8879,799.8085,796.2887
2027-03-21,664.9926,799.4148,795.7507
2027-03-22,664.32574,799.4148,796.3284
2027-03-23,664.50244,799.50195,796.6168
2027-03-24,663.928,799.50195,796.83167
2027-03-25,662.9325,799.6101,796.6533
2027-03-26,663.5175,799.4543,796.3303
2027-03-27,664.57635,799.70404,796.13104
2027-03-28,663.4616,799.459,795.70795
2027-03-29,662.8133,799.605,795.37054
2027-03-30,663.34076,799.55255,793.7082
2027-03-31,664.4588,799.77496,794.5726
2027-04-01,665.2056,799.4838,793.95776
2027-04-02,665.5567,799.4838,794.06525
2027-04-03,664.1443,799.82117,794.28754
2027-04-04,663.4051,799.92267,793.5309
2027-04-05,663.17975,800.18085,794.5533
2027-04-06,663.9197,800.9158,794.42865
2027-04-07,664.0458,800.9929,794.62714
2027-04-08,662.9777,801.3101,795.08185
2027-04-09,662.9777,800.94073,796.2173
2027-04-10,664.11395,800.92316,796.1175
2027-04-11,664.7839,800.5173,796.1586
2027-04-12,664.64307,800.5886,796.2053
2027-04-13,664.24005,801.02094,795.7077
2027-04-14,664.4456,800.2687,796.65027
2027-04-15,664.29877,800.36194,797.04376
2027-04-16,663.8587,800.155,797.04376
2027-04-17,663.7834,800.4793,796.9321
2027-04-18,663.9446,800.63275,796.73444
2027-04-19,663.9802,800.9014,796.73444
2027-04-20,663.97076,800.5889,797.2703
2027-04-21,664.1622,800.85895,797.4261
2027-04-22,664.9068,800.56915,797.2133
2027-04-23,664.7665,800.5903,797.2133
2027-04-24,665.0316,801.0514,797.0622
2027-04-25,665.09186,801.1498,797.47174
2027-04-26,664.92725,801.1498,796.9427
2027-04-27,664.54645,800.7796,797.9739
2027-04-28,664.87695,800.5452,798.9809
2027-04-29,664.70337,800.74963,799.18427
2027-04-30,664.7512,801.0183,800.67566
2027-05-01,664.8928,800.7058,801.5714
2027-05-02,664.8928,800.7297,802.935
2027-05-03,664.6903,800.9498,804.216
2027-05-04,665.6694,800.9312,805.3967
2027-05-05,665.9993,801.209,806.62213
2027-05-06,667.03094,801.2195,808.0246
2027-05-07,666.7721,801.0911,808.47766
2027-05-08,667.53253,801.2768,809.2357
2027-05-09,669.0043,801.0911,809.7753
2027-05-10,671.40466,800.97644,811.0712
2027-05-11,674.20074,801.49475,811.68286
2027-05-12,675.8836,802.675,813.49457
2027-05-13,675.6354,802.6929,815.5557
2027-05-14,675.1871,802.80884,817.3362
2027-05-15,675.7764,803.38635,817.9978
2027-05-16,675.78375,803.75836,819.04877
2027-05-17,675.4189,804.2617,820.3027
2027-05-18,675.27405,805.1494,820.8765
2027-05-19,675.27405,806.31866,821.51135
2027-05-20,675.46326,808.121,821.6042
2027-05-21,675.68164,809.43585,821.30396
2027-05-22,676.05133,811.0083,822.03235
2027-05-23,676.4524,811.61505,823.20734
2027-05-24,677.59674,812.07367,823.8671
2027-05-25,679.92834,813.32947,823.8671
2027-05-26,681.0459,814.5892,824.275
2027-05-27,681.498,815.80493,824.85345
2027-05-28,684.3978,816.035,824.13416
2027-05-29,685.1156,815.87054,825.4184
2027-05-30,684.7636,816.58026,826.09607
2027-05-31,686.85364,816.5406,825.6057
2027-06-01,687.46045,817.18475,826.84796
2027-06-02,687.9221,819.2575,828.33105
2027-06-03,687.9221,821.0942,828.7003
2027-06-04,688.46716,821.5325,828.9064
2027-06-05,687.8855,822.0976,829.3483
2027-06-06,689.2167,821.8371,829.26013
2027-06-07,691.35913,821.3341,829.5462
2027-06-08,693.58905,821.1491,830.2748
2027-06-09,695.0314,821.9408,829.68256
2027-06-10,697.3128,822.71313,829.1768
2027-06-11,698.23627,824.34357,831.2945
2027-06-12,697.5531,825.19244,832.117
2027-06-13,698.12885,826.22546,832.68243
2027-06-14,699.60187,826.8966,832.7822
2027-06-15,701.7095,828.2073,832.7776
2027-06-16,702.97876,828.6867,833.0667
2027-06-17,702.7194,829.4558,833.3099
2027-06-18,702.11847,829.04694,835.7851
2027-06-19,701.956,829.14703,837.7655
2027-06-20,702.3931,829.1853,838.82385
2027-06-21,702.6945,828.9254,837.63806
2027-06-22,702.5339,828.68915,838.7075
2027-06-23,702.80164,829.66815,837.34467
2027-06-24,702.9419,830.7493,837.3881
2027-06-25,703.3983,830.4222,839.0019
2027-06-26,703.4505,830.55963,839.1441
2027-06-27,701.65515,830.87317,839.4464
2027-06-28,703.2814,831.2106,840.52686
2027-06-29,702.2471,831.4335,841.48816
2027-06-30,702.9877,834.16895,843.3814
2027-07-01,703.5774,835.239,844.7873
2027-07-02,703.5051,834.7725,843.7842
2027-07-03,703.31915,835.3917,844.17883
2027-07-04,704.013,835.3707,844.2672
2027-07-05,703.4005,834.9403,844.3043
2027-07-06,702.2061,835.43146,845.55457
2027-07-07,701.39813,835.30054,844.80365
2027-07-08,703.65717,835.3291,845.4463
2027-07-09,702.7433,834.37024,843.5974
2027-07-10,703.1025,834.22345,844.8232
2027-07-11,703.44434,834.22345,843.8129
2027-07-12,704.48914,834.61285,844.4166
2027-07-13,703.88043,834.7683,844.55664
2027-07-14,701.06903,832.78815,844.1421
2027-07-15,701.76556,831.5114,844.1421
2027-07-16,702.1522,831.8816,844.3456
2027-07-17,701.9843,832.37225,844.98553
2027-07-18,702.593,832.662,843.65234
2027-07-19,703.0124,832.1244,845.60834
2027-07-20,701.8833,831.9063,844.216
2027-07-21,700.8221,831.6961,846.11066
2027-07-22,701.4118,831.8978,845.02423
2027-07-23,700.6911,831.68933,845.138
2027-07-24,698.9375,831.68933,845.138
2027-07-25,698.2567,830.9942,843.3079
2027-07-26,697.374,829.7768,843.91016
2027-07-27,697.6734,829.78046,843.91016
2027-07-28,697.395,830.25397,843.85944
2027-07-29,697.26483,830.23645,843.8797
2027-07-30,698.2267,829.862,843.935
2027-07-31,697.7959,829.862,843.42236
2027-08-01,697.7547,829.76215,843.935
2027-08-02,697.1676,829.30597,843.395
2027-08-03,697.0142,828.4222,843.2395
2027-08-04,696.52246,827.8517,843.17804
2027-08-05,696.47876,827.1804,843.17804
2027-08-06,695.32263,826.08124,843.00696
2027-08-07,695.5466,825.5731,843.41656
2027-08-08,695.2895,825.6741,843.8566
2027-08-09,695.75116,825.6326,843.5413
2027-08-10,695.0085,826.33954,843.8493
2027-08-11,693.8547,825.7413,843.7152
2027-08-12,691.9941,826.246,843.65137
2027-08-13,691.72754,824.9954,843.5386
2027-08-14,690.7885,824.2264,843.5386
2027-08-15,690.45905,823.3942,843.2592
2027-08-16,689.627,823.8713,843.0252
2027-08-17,689.18384,823.76764,843.9122
2027-08-18,689.05817,823.76764,843.52454
2027-08-19,688.6403,823.57874,843.1639
2027-08-20,688.2451,823.5492,843.1639
2027-08-21,687.11566,822.79755,843.49426
2027-08-22,685.6352,822.8965,843.49426
2027-08-23,684.3963,823.4554,843.36255
2027-08-24,682.75305,822.8804,844.0679
2027-08-25,681.3915,822.87445,844.4295
2027-08-26,680.9282,823.1134,844.70526
2027-08-27,679.43024,823.1134,844.3131
2027-08-28,678.4372,823.1134,844.3131
2027-08-29,677.1544,823.1134,844.30585
2027-08-30,676.1672,823.0067,844.5127
2027-08-31,674.0833,823.6187,844.06714
2027-09-01,672.72894,822.78174,844.06714
2027-09-02,670.9339,823.11115,844.1397
2027-09-03,670.7613,822.98944,844.0493
2027-09-04,671.2179,823.8392,843.9465
2027-09-05,670.6067,824.7455,843.9235
2027-09-06,670.82324,824.7975,843.9235
2027-09-07,670.7132,824.4287,843.9235
2027-09-08,670.7502,824.4641,843.51764
2027-09-09,670.2222,824.8694,843.5673
2027-09-10,670.92706,825.17523,843.5673
2027-09-11,670.43945,825.4883,843.3004
2027-09-12,670.23804,826.3427,843.3004
2027-09-13,670.23804,825.6674,843.8056
2027-09-14,670.71893,825.887,844.6945
2027-09-15,670.71893,826.08685,844.79236
2027-09-16,670.58905,826.02264,844.5926
2027-09-17,669.8869,826.20966,843.90137
2027-09-18,669.3473,825.55646,844.25635
2027-09-19,669.0898,825.8549,844.87445
2027-09-20,668.7209,824.8063,843.9018
2027-09-21,667.0439,824.0233,844.5386
2027-09-22,666.29706,824.2718,845.0406
2027-09-23,666.9298,823.94714,842.7543
2027-09-24,666.7872,824.1634,842.9076
2027-09-25,666.8268,823.9105,843.0138
2027-09-26,666.7521,823.86804,842.36914
2027-09-27,665.2995,823.702,838.8396
2027-09-28,663.818,822.75775,836.03705
2027-09-29,662.8844,822.85284,834.1732
2027-09-30,663.16907,823.2159,833.85455
2027-10-01,662.8556,823.0296,833.76306
2027-10-02,663.297,822.4102,833.85376
2027-10-03,662.9835,820.4894,833.54504
2027-10-04,662.6055,819.1093,834.02856
2027-10-05,663.62964,818.0214,834.53265
2027-10-06,663.62964,816.5683,836.4438
2027-10-07,663.00665,815.2478,837.12805
2027-10-08,662.96295,815.3191,837.60956
2027-10-09,663.006,814.61816,836.7584
2027-10-10,662.64795,814.58185,836.01416
2027-10-11,661.9371,814.2763,836.7317
2027-10-12,660.88794,813.9407,836.04736
2027-10-13,658.77026,813.9843,836.2953
2027-10-14,657.47345,815.8439,835.2801
2027-10-15,656.6744,815.7101,835.1648
2027-10-16,656.65125,815.48694,835.6347
2027-10-17,656.83905,815.4423,837.11365
2027-10-18,656.83905,814.6628,835.6564
2027-10-19,656.83905,814.51654,835.7793
2027-10-20,656.83905,813.2255,836.0829
2027-10-21,656.2619,812.05475,835.2422
2027-10-22,655.5842,811.49835,834.7472
2027-10-23,655.65894,810.341,835.24475
2027-10-24,655.52783,809.82,834.75745
2027-10-25,656.91095,809.44556,834.6022
2027-10-26,655.88184,809.09406,834.57227
2027-10-27,655.3288,808.6294,834.5567
2027-10-28,656.139,807.65247,832.1024
2027-10-29,656.48334,806.8069,829.7917
2027-10-30,656.8133,806.3387,828.5129
2027-10-31,657.3715,805.56903,828.16943
2027-11-01,656.8133,804.8644,827.6216
2027-11-02,657.27014,803.67334,827.1665
2027-11-03,657.27014,803.12616,826.93
2027-11-04,656.7119,803.3429,826.4882
2027-11-05,656.7119,803.438,825.7504
2027-11-06,656.97235,803.5148,825.18896
2027-11-07,657.4055,803.3103,824.63666
2027-11-08,656.91016,802.9085,823.00836
2027-11-09,657.9502,802.71014,821.82196
2027-11-10,658.114,802.54376,820.66144
2027-11-11,658.114,802.54376,819.9142
2027-11-12,657.3706,802.54376,819.54126
2027-11-13,657.2068,802.4155,818.2356
2027-11-14,657.44385,802.5463,818.327
2027-11-15,657.44385,802.99164,818.0791
2027-11-16,657.44385,803.8865,818.5938
2027-11-17,657.44385,804.0632,818.46814
2027-11-18,657.26935,804.6434,818.30804
2027-11-19,657.31256,804.7716,818.64905
2027-11-20,657.29065,804.5639,818.94904
2027-11-21,657.571,804.8862,818.8597
2027-11-22,657.571,804.73346,818.5894
2027-11-23,657.28436,804.25336,818.3812
2027-11-24,658.00885,803.8946,818.13007
2027-11-25,657.2158,803.11975,818.68726
2027-11-26,656.6217,802.3371,818.4434
2027-11-27,657.4356,801.86676,818.52423
2027-11-28,657.5102,801.29785,817.7842
2027-11-29,657.52686,800.2639,817.0264
2027-11-30,657.52686,799.93524,816.3273
2027-12-01,657.24475,799.6871,815.77075
2027-12-02,657.253,799.44916,816.01086
2027-12-03,657.7771,798.99634,815.39984
2027-12-04,657.15,798.9107,815.07556
2027-12-05,656.9862,798.64825,814.97284
2027-12-06,657.2801,797.30475,813.87976
2027-12-07,657.2801,797.31647,814.33984
2027-12-08,657.0187,797.29333,812.7703
2027-12-09,657.02484,797.7068,812.8452
2027-12-10,656.6586,797.99725,813.0231
2027-12-11,657.02484,798.2094,813.01117
2027-12-12,657.0256,798.79535,812.6092
2027-12-13,657.22516,797.93866,812.606
2027-12-14,656.9576,797.4931,812.324
2027-12-15,656.862,796.6135,811.2592
2027-12-16,657.7266,796.132,809.31287
2027-12-17,657.2836,795.959,807.5927
2027-12-18,657.0241,795.2559,806.23157
2027-12-19,657.2459,795.154,804.88605
2027-12-20,657.992,793.53656,802.8529
2027-12-21,657.82275,793.6627,802.92255
2027-12-22,657.82275,793.1451,801.5795
2027-12-23,657.8936,792.34985,801.54584
2027-12-24,657.8936,792.19885,801.72003
2027-12-25,657.7756,792.4561,800.0625
2027-12-26,657.1323,792.1628,798.1848
2027-12-27,657.61176,792.1749,797.004
2027-12-28,656.8873,791.41113,796.5824
2027-12-29,656.8715,789.9906,796.82916
2027-12-30,656.69354,788.7606,796.4094
2027-12-31,656.79565,787.9559,796.2276
2028-01-01,657.3553,789.2066,795.27527
2028-01-02,657.29,790.2674,795.2307
2028-01-03,656.67645,789.94257,795.81964
2028-01-04,657.6782,789.61847,794.68097
2028-01-05,657.84204,789.7176,794.0009
2028-01-06,657.84204,789.55316,794.51385
2028-01-07,658.49646,789.81195,794.50183
2028-01-08,657.70526,789.4252,796.1512
2028-01-09,655.9971,789.51263,796.89703
2028-01-10,656.2114,789.85114,797.29346
2028-01-11,655.72894,789.81616,796.97986
2028-01-12,655.6638,789.3499,796.68475
2028-01-13,655.96655,789.63086,797.273
2028-01-14,655.89215,790.82275,797.12933
2028-01-15,655.89215,791.89197,797.07935
2028-01-16,655.8842,791.17944,797.3037
2028-01-17,656.59576,790.9889,797.4875
2028-01-18,656.8789,790.67017,797.1274
2028-01-19,657.4222,790.89087,796.52606
2028-01-20,656.852,790.0703,796.60046
2028-01-21,656.852,789.86584,797.307
2028-01-22,657.7395,789.35254,797.307
2028-01-23,657.02985,789.44,797.2043
2028-01-24,656.866,789.44,797.45624
2028-01-25,656.866,789.44,797.475
2028-01-26,657.75354,789.1188,796.0972
2028-01-27,657.52673,789.42664,796.0034
2028-01-28,657.3629,789.1992,796.4816
2028-01-29,657.52454,789.15906,797.4464
2028-01-30,657.52454,788.54626,796.9688
2028-01-31,657.0985,788.54626,798.0294
2028-02-01,657.75525,788.48285,798.31946
2028-02-02,657.2623,788.28705,798.5505
2028-02-03,657.00433,788.79474,798.8502
2028-02-04,657.29443,788.9271,799.12054
2028-02-05,657.63873,788.99054,800.0097
2028-02-06,657.63873,788.9271,800.4291
2028-02-07,656.982,788.99054,800.8289
2028-02-08,656.9788,788.99054,800.9943
2028-02-09,656.9788,788.9271,800.9943
2028-02-10,657.2695,788.9271,800.9943
2028-02-11,657.2695,788.99054,801.327
2028-02-12,656.79224,788.99054,801.86206
2028-02-13,656.92316,788.9271,802.88995
2028-02-14,656.92316,789.13513,803.8651
2028-02-15,656.92316,788.9448,805.777
2028-02-16,656.81415,788.878,806.4088
2028-02-17,656.94507,788.878,806.55524
2028-02-18,656.81696,788.878,806.1271
2028-02-19,656.81696,788.878,806.2242
2028-02-20,656.878,788.878,806.3706
2028-02-21,657.1139,788.9414,806.3706
2028-02-22,657.1139,788.9414,806.7324
2028-02-23,656.56384,788.9414,807.8393
2028-02-24,657.2206,788.9414,808.91113
2028-02-25,656.8556,788.9765,809.84607
2028-02-26,657.30054,788.9765,810.99115
2028-02-27,657.1696,789.35443,811.72394
2028-02-28,657.068,789.4477,812.9042
2028-02-29,657.068,788.66956,812.90497
2028-03-01,657.068,789.0078,813.25134
2028-03-02,657.068,789.0078,813.01294
2028-03-03,657.068,788.93134,812.8732
2028-03-04,657.068,788.918,813.02045
2028-03-05,656.98236,789.23425,813.3358
2028-03-06,657.36316,788.2329,812.49646
2028-03-07,657.36316,789.27594,812.32935
2028-03-08,656.8307,789.47174,812.4411
2028-03-09,656.8307,788.42145,812.98566
2028-03-10,656.8307,788.51086,813.1668
2028-03-11,657.5505,788.51086,813.1125
2028-03-12,657.8507,788.9805,813.1125
2028-03-13,657.9109,789.17633,813.7164
2028-03-14,657.9109,788.2714,814.3206
2028-03-15,658.24603,789.2079,814.462
2028-03-16,657.87164,788.9307,814.1275
2028-03-17,658.24817,788.74695,814.1275
2028-03-18,658.21954,789.1559,814.1293
2028-03-19,658.21954,789.5698,814.1973
2028-03-20,657.8004,789.5698,813.7127
2028-03-21,657.6931,789.31934,813.7545
2028-03-22,658.45764,789.31934,813.574
2028-03-23,657.38983,789.04517,813.574
2028-03-24,656.8139,788.78784,813.4546
2028-03-25,657.45184,788.1266,813.0747
2028-03-26,658.0963,787.50964,813.0443
2028-03-27,657.61816,786.6752,812.86066
2028-03-28,656.8612,787.3344,812.4404
2028-03-29,657.3553,787.2831,812.1144
2028-03-30,658.9982,787.46625,813.6049
2028-03-31,660.6146,787.46625,814.73615
2028-04-01,661.9302,787.3821,815.84393
2028-04-02,663.56604,786.845,815.66064
2028-04-03,663.63214,786.92456,815.60815
2028-04-04,665.4689,787.4296,815.8711
2028-04-05,666.67303,786.9753,815.8901
2028-04-06,667.3582,787.5139,815.8311
2028-04-07,666.63904,787.13873,816.1103
2028-04-08,665.9145,787.1649,816.00397
2028-04-09,665.9443,787.26855,816.00397
2028-04-10,665.57416,788.4986,816.1845
2028-04-11,663.85034,789.82556,815.5942
2028-04-12,662.8774,789.5626,815.89746
2028-04-13,662.8025,789.73865,815.7894
2028-04-14,662.6166,790.8518,815.91235
2028-04-15,662.50555,791.5611,815.9512
2028-04-16,662.50555,792.66907,815.9512
2028-04-17,662.50555,793.7811,816.26337
2028-04-18,663.2339,793.8964,816.09283
2028-04-19,663.595,795.00653,815.94055
2028-04-20,663.7769,794.7107,815.94055
2028-04-21,663.322,796.17017,815.9949
2028-04-22,664.01166,797.784,815.9949
2028-04-23,665.0762,797.6314,816.33417
2028-04-24,666.2609,798.37994,816.5598
2028-04-25,666.2469,799.6888,816.5598
2028-04-26,665.85974,800.3664,816.4429
2028-04-27,665.0041,801.35095,816.8961
2028-04-28,664.6198,800.835,816.9454
2028-04-29,663.67377,801.1659,817.307
2028-04-30,663.2354,801.95807,818.28595
2028-05-01,663.34644,802.4114,819.931
2028-05-02,663.34644,802.8672,821.73395
2028-05-03,664.8723,803.049,823.01465
2028-05-04,666.22156,803.6939,825.25494
2028-05-05,667.22363,804.06177,827.35156
2028-05-06,667.4476,804.75684,828.9873
2028-05-07,669.39734,804.62115,831.2582
2028-05-08,672.24023,804.8395,831.48303
2028-05-09,675.26886,804.85046,831.5017
2028-05-10,676.2939,805.2656,831.7386
2028-05-11,676.4851,807.0769,832.15826
2028-05-12,678.8167,807.5404,833.54517
2028-05-13,679.35504,806.72565,835.3612
2028-05-14,679.0281,806.72565,836.0491
2028-05-15,679.27203,807.2822,837.05115
2028-05-16,679.0159,807.5566,837.3511
2028-05-17,679.4221,807.6026,837.64087
2028-05-18,680.8771,807.56757,838.4675
2028-05-19,682.4101,807.9234,838.08954
2028-05-20,683.9438,808.2008,838.0944
2028-05-21,684.7044,808.5848,838.40753
2028-05-22,686.3285,809.79736,838.4629
2028-05-23,688.83936,810.2475,838.1814
2028-05-24,689.79865,810.552,838.3641
2028-05-25,689.2882,810.42834,838.1814
2028-05-26,690.0463,811.12994,838.0429
2028-05-27,690.3404,812.43744,838.3641
2028-05-28,691.30566,812.95984,837.8602
2028-05-29,690.4903,813.68317,838.948
2028-05-30,692.4187,814.18414,839.0968
2028-05-31,695.17487,814.8916,840.07214
2028-06-01,698.29034,815.9918,841.10626
2028-06-02,699.56506,816.7454,842.0118
2028-06-03,699.36755,816.5033,842.8532
2028-06-04,697.20135,816.5343,845.52606
2028-06-05,696.9841,816.3666,844.5898
2028-06-06,697.13043,816.0678,845.7995
2028-06-07,697.70734,816.0126,845.5424
2028-06-08,697.28394,815.98535,844.48486
2028-06-09,698.7736,816.12976,846.15424
2028-06-10,698.9754,816.3975,847.0067
2028-06-11,697.58636,816.47394,847.3735
2028-06-12,697.467,816.22424,847.0396
2028-06-13,699.55725,816.07983,847.1483
2028-06-14,701.7678,816.9527,848.25476
2028-06-15,701.73145,818.381,852.6851
2028-06-16,701.82623,818.59576,852.26044
2028-06-17,701.878,818.51807,853.0137
2028-06-18,701.7832,818.04663,853.1483
2028-06-19,701.7263,818.0849,853.1397
2028-06-20,702.6126,817.5915,853.6071
2028-06-21,704.02545,817.6171,853.3387
2028-06-22,704.5232,817.75116,853.23785
2028-06-23,706.96375,818.4125,853.19086
2028-06-24,709.7783,818.4834,851.72107
2028-06-25,711.8123,818.3099,851.6955
2028-06-26,715.33234,818.8544,851.2853
2028-06-27,716.53436,818.7861,851.6058
2028-06-28,716.341,818.7861,851.2167
2028-06-29,717.4356,818.55005,851.53326
2028-06-30,717.4078,818.69696,851.69183
2028-07-01,718.18225,818.4487,851.2885
2028-07-02,717.89417,818.2253,851.37036
2028-07-03,720.87146,818.09735,851.33234
2028-07-04,719.639,818.09735,851.03033
2028-07-05,719.26514,818.0288,851.10425
2028-07-06,719.4158,817.7847,851.2555
2028-07-07,718.94635,817.6291,851.0643
2028-07-08,720.24133,816.96686,850.82605
2028-07-09,722.1013,816.88947,850.74243
2028-07-10,723.67896,816.88947,849.57166
2028-07-11,724.8287,817.07104,849.59784
2028-07-12,727.88635,816.9554,849.355
2028-07-13,727.23145,816.6561,849.1355
2028-07-14,727.3638,815.3122,850.0093
2028-07-15,726.90106,814.4355,847.0172
2028-07-16,726.00616,813.254,843.06213
2028-07-17,726.65643,813.15094,843.94196
2028-07-18,726.9308,812.766,843.8214
2028-07-19,725.2976,812.0077,843.8214
2028-07-20,722.60486,810.99036,843.71124
2028-07-21,723.162,809.73627,843.71124
2028-07-22,722.5537,809.30054,843.71124
2028-07-23,722.4591,809.2313,843.87933
2028-07-24,721.66876,809.3343,843.048
2028-07-25,720.01483,809.2001,843.0392
2028-07-26,718.70874,809.7329,843.0392
2028-07-27,718.38275,810.54974,843.15424
2028-07-28,718.201,810.97986,843.15424
2028-07-29,718.19293,810.6579,843.20953
2028-07-30,716.72076,810.97986,843.20953
2028-07-31,717.36444,810.6579,843.20953
2028-08-01,714.34485,810.36255,843.1822
2028-08-02,713.29144,808.89185,843.0267
2028-08-03,711.9002,809.023,842.9652
2028-08-04,711.8399,809.08295,842.9652
2028-08-05,711.7329,808.7939,843.0932
2028-08-06,711.9727,809.0288,843.025
2028-08-07,710.513,809.0288,843.025
2028-08-08,711.37885,809.0288,843.0177
2028-08-09,711.7631,808.76044,843.0177
2028-08-10,712.0867,808.91974,843.19165
2028-08-11,710.7625,808.91974,843.1278
2028-08-12,708.62634,808.64166,843.01495
2028-08-13,708.1997,808.694,843.01495
2028-08-14,707.06866,808.598,842.7356
2028-08-15,706.4613,808.598,843.5291
2028-08-16,705.26,808.6334,843.806
2028-08-17,704.0602,808.6722,843.806
2028-08-18,703.89905,808.8004,843.77576
2028-08-19,701.4154,809.2806,843.77576
2028-08-20,700.7776,809.5306,843.77576
2028-08-21,700.1051,809.82245,843.77576
2028-08-22,699.29987,808.9899,843.64404
2028-08-23,697.4933,808.88055,843.5451
2028-08-24,697.99347,808.88055,843.5451
2028-08-25,697.5818,808.68195,843.82086
2028-08-26,698.846,808.9546,843.4287
2028-08-27,698.45825,808.9546,843.4287
2028-08-28,698.5733,808.9546,843.42145
2028-08-29,699.4465,808.9546,843.6283
2028-08-30,699.2578,808.7726,843.5131
2028-08-31,700.1369,808.7726,843.5131
2028-09-01,702.13055,808.62,843.026
2028-09-02,704.41595,808.6425,843.25116
2028-09-03,706.50653,808.85486,843.50995
2028-09-04,705.85754,809.08417,843.487
2028-09-05,706.50867,809.1696,843.487
2028-09-06,707.3958,808.88275,843.487
2028-09-07,706.743,809.8523,843.0811
2028-09-08,707.1499,810.06226,843.4612
2028-09-09,706.7979,810.71313,843.4612
2028-09-10,707.58136,810.2409,842.8639
2028-09-11,706.6316,810.2254,842.8639
2028-09-12,706.874,809.96423,843.3691
2028-09-13,707.3519,809.50903,844.0508
2028-09-14,706.91895,809.6353,844.11743
2028-09-15,707.617,809.5996,844.33606
2028-09-16,707.5058,809.5996,843.7311
2028-09-17,706.36163,809.7146,844.0439
2028-09-18,705.4871,808.9916,844.2478
2028-09-19,705.68365,808.9228,844.6957
2028-09-20,706.5191,808.9813,844.6352
2028-09-21,707.3323,809.4893,844.7756
2028-09-22,707.79004,809.5006,844.94867
2028-09-23,707.9211,809.3809,843.21924
2028-09-24,708.5699,808.8157,843.93646
2028-09-25,710.2771,809.5063,843.2918
2028-09-26,708.3783,809.5801,843.38293
2028-09-27,706.5332,810.07733,844.0968
2028-09-28,707.07086,810.15826,844.4136
2028-09-29,707.5832,811.16376,844.23987
2028-09-30,706.9906,811.8197,844.51074
2028-10-01,707.29205,811.24866,843.98315
2028-10-02,707.63086,811.0877,841.53143
2028-10-03,707.7229,811.2876,839.21
2028-10-04,709.00024,811.0349,839.2927
2028-10-05,710.517,809.4678,838.53503
2028-10-06,710.3611,808.71606,835.5933
2028-10-07,709.7352,809.33575,835.88385
2028-10-08,709.6542,809.0151,835.7269
2028-10-09,709.01404,808.798,836.33093
2028-10-10,708.14813,808.313,835.48346
2028-10-11,706.29065,806.93945,836.927
2028-10-12,705.7817,805.77386,836.1724
2028-10-13,706.28217,806.41125,836.0262
2028-10-14,707.4268,807.1453,835.9904
2028-10-15,707.39526,807.4046,836.62726
2028-10-16,707.778,807.127,835.7336
2028-10-17,707.49066,806.77094,836.90045
2028-10-18,706.96704,806.1444,834.69336
2028-10-19,707.2095,805.5971,835.35345
2028-10-20,707.2544,805.01385,833.936
2028-10-21,707.778,802.9154,833.4947
2028-10-22,707.79803,802.1949,833.4947
2028-10-23,707.28467,801.57446,833.6051
2028-10-24,708.5226,801.4736,834.4825
2028-10-25,707.68317,802.1358,834.98596
2028-10-26,706.1325,801.13806,834.56757
2028-10-27,706.43536,799.9696,834.4118
2028-10-28,705.9141,799.2073,832.9358
2028-10-29,705.9141,799.4218,830.7289
2028-10-30,706.0838,799.3358,828.9125
2028-10-31,705.9141,799.6658,828.38025
2028-11-01,705.67505,798.9914,827.5217
2028-11-02,705.21533,798.52716,828.15533
2028-11-03,702.028,797.1182,828.15533
2028-11-04,700.1154,795.75,827.08057
2028-11-05,699.8325,794.5268,826.00354
2028-11-06,700.128,793.5305,824.48285
2028-11-07,699.81696,793.79486,822.7736
2028-11-08,701.11804,794.2007,822.6632
2028-11-09,701.1593,793.87146,820.8164
2028-11-10,701.38904,794.3057,820.3582
2028-11-11,701.3798,794.3671,819.29486
2028-11-12,701.2408,794.4029,817.6399
2028-11-13,700.76196,794.3391,817.3729
2028-11-14,700.9014,794.7389,816.8045
2028-11-15,700.7752,795.4062,816.0353
2028-11-16,700.7752,796.0644,816.2921
2028-11-17,700.96747,794.5792,815.70465
2028-11-18,700.9592,794.0523,815.94635
2028-11-19,700.4682,794.7021,815.65814
2028-11-20,700.43085,794.8986,815.4447
2028-11-21,700.43085,794.3255,815.5296
2028-11-22,700.1442,793.6976,814.95856
2028-11-23,702.0188,793.52856,814.9731
2028-11-24,701.4335,794.9748,815.8151
2028-11-25,700.2484,795.38684,816.2327
2028-11-26,700.82666,796.4979,815.8457
2028-11-27,699.6613,797.10425,816.19464
2028-11-28,700.9857,797.19507,815.24976
2028-11-29,699.81555,797.6437,814.60785
2028-11-30,699.9862,798.18335,813.846
2028-12-01,699.4662,798.5788,813.6151
2028-12-02,697.7662,798.09515,813.69354
2028-12-03,697.91956,798.5456,813.72943
2028-12-04,696.9357,798.2468,813.64
2028-12-05,694.1751,798.1249,813.2073
2028-12-06,692.52435,798.1226,812.9749
2028-12-07,690.9664,798.08716,813.1423
2028-12-08,689.8578,798.1876,812.9351
2028-12-09,690.60254,798.1189,813.0164
2028-12-10,691.13477,797.8272,812.80084
2028-12-11,690.68445,797.59546,812.7501
2028-12-12,690.0646,797.5285,812.1359
2028-12-13,690.6999,797.2632,811.5981
2028-12-14,690.7766,796.2309,809.3776
2028-12-15,690.0646,796.1297,807.67816
2028-12-16,689.559,796.1297,806.3216
2028-12-17,690.5543,795.3867,805.6041
2028-12-18,690.0472,794.7592,804.60175
2028-12-19,690.8189,793.27295,803.9737
2028-12-20,690.34344,791.71484,804.01074
2028-12-21,690.3601,790.0261,802.8614
2028-12-22,690.43097,789.31836,801.7382
2028-12-23,690.6996,789.1038,800.31287
2028-12-24,690.3117,789.4265,798.53357
2028-12-25,690.57275,788.87195,797.4192
2028-12-26,689.80774,788.65125,795.9606
2028-12-27,690.5615,788.0129,796.47705
2028-12-28,690.6515,788.36975,797.29767
2028-12-29,690.9691,788.0932,796.2885
2028-12-30,690.6507,787.507,795.82135
2028-12-31,690.1272,786.485,795.35803
2029-01-01,691.3031,785.2902,795.4033
2029-01-02,691.74854,785.29254,795.5339
2029-01-03,691.06866,784.7194,795.6795
2029-01-04,690.5588,783.9156,794.4129
2029-01-05,691.0302,783.564,794.1522
2029-01-06,689.9536,783.61145,793.90045
2029-01-07,691.0527,784.98175,795.5264
2029-01-08,691.56213,785.78516,796.03296
2029-01-09,691.70935,786.2125,796.1355
2029-01-10,691.88385,785.9187,796.23785
2029-01-11,692.0779,785.9187,796.0673
2029-01-12,691.5865,785.6035,795.8823
2029-01-13,691.30707,785.98883,796.2855
2029-01-14,691.04724,786.56213,796.18097
2029-01-15,691.04724,786.58734,796.20514
2029-01-16,690.668,786.3441,796.37317
2029-01-17,690.5059,786.2028,796.1969
2029-01-18,690.3723,786.2028,795.79095
2029-01-19,690.5923,786.1048,795.6111
2029-01-20,691.73816,785.5507,795.1845
2029-01-21,691.6433,785.67773,795.7883
2029-01-22,692.5308,785.72186,795.64
2029-01-23,693.61646,785.72186,795.8681
2029-01-24,694.63654,785.72186,796.0925
2029-01-25,694.7757,785.72186,795.9054
2029-01-26,694.7757,785.4983,795.47943
2029-01-27,694.3851,785.80615,795.47943
2029-01-28,694.61584,785.57874,795.2923
2029-01-29,694.77747,785.47516,795.2923
2029-01-30,695.4342,785.43066,795.81384
2029-01-31,696.364,785.43066,796.58
2029-02-01,695.6015,785.43066,797.05884
2029-02-02,697.02075,785.43066,797.07947
2029-02-03,698.3741,785.75525,796.7962
2029-02-04,698.00745,785.75525,796.54944
2029-02-05,697.9292,785.75525,796.4663
2029-02-06,698.58594,785.75525,796.6438
2029-02-07,698.6377,785.75525,796.0608
2029-02-08,698.6377,785.75525,796.36115
2029-02-09,697.98096,785.75525,796.6106
2029-02-10,698.0801,785.75525,796.3472
2029-02-11,698.7368,785.75525,795.69495
2029-02-12,699.07965,785.75525,795.57007
2029-02-13,698.70404,785.75525,795.91003
2029-02-14,698.70404,785.96326,795.51605
2029-02-15,698.70404,785.60767,796.2877
2029-02-16,699.07965,785.7061,796.30194
2029-02-17,698.70404,785.7061,795.51605
2029-02-18,698.9013,785.7061,796.09906
2029-02-19,698.9013,785.7061,795.9234
2029-02-20,698.96234,785.7061,795.3404
2029-02-21,699.32916,785.7061,796.17206
2029-02-22,699.32916,785.7061,795.186
2029-02-23,697.8301,785.7061,795.50165
2029-02-24,698.4234,785.7061,795.1472
2029-02-25,698.0584,785.5329,795.9184
2029-02-26,698.5352,785.5329,796.2522
2029-02-27,699.19196,786.1567,796.36725
2029-02-28,698.9382,786.24994,796.6167
2029-03-01,698.9382,785.4718,795.84985
2029-03-02,699.0518,785.7725,795.5698
2029-03-03,698.6762,785.7725,795.5698
2029-03-04,698.6762,785.7725,795.5698
2029-03-05,698.6762,785.7203,795.78265
2029-03-06,698.0649,786.19684,795.6756
2029-03-07,698.6332,785.0741,795.6396
2029-03-08,699.7269,785.35693,795.79236
2029-03-09,702.495,785.5727,795.6535
2029-03-10,703.103,785.52985,796.8809
2029-03-11,702.81665,785.95374,796.97876
2029-03-12,703.7211,785.95374,797.66974
2029-03-13,703.899,786.2284,798.3953
2029-03-14,701.2561,786.16766,800.24054
2029-03-15,699.99243,784.9616,800.19495
2029-03-16,700.93555,784.37396,800.5692
2029-03-17,700.1985,784.37396,801.07025
2029-03-18,700.2602,784.37396,800.42065
2029-03-19,700.19135,785.2758,802.1425
2029-03-20,699.7672,785.3913,802.83716
2029-03-21,699.9136,785.7032,803.5628
2029-03-22,699.8033,785.57605,805.2222
2029-03-23,701.0638,785.57605,805.59406
2029-03-24,699.38635,785.1735,806.8771
2029-03-25,696.66656,784.6043,807.91754
2029-03-26,695.12415,784.4977,807.8518
2029-03-27,694.76746,784.5584,808.32477
2029-03-28,692.5787,784.87573,808.73083
2029-03-29,692.10175,784.87573,810.04987
2029-03-30,691.8146,784.7069,810.29156
2029-03-31,691.394,785.2301,810.58264
2029-04-01,690.922,784.94305,812.108
2029-04-02,691.1462,785.2301,813.72174
2029-04-03,690.9432,784.38983,814.3169
2029-04-04,690.69727,784.9111,813.6322
2029-04-05,690.84326,785.0799,813.99255
2029-04-06,690.87756,785.0799,814.01154
2029-04-07,690.7025,785.0799,814.1376
2029-04-08,691.3614,785.4452,815.5589
2029-04-09,691.3614,785.7582,816.8343
2029-04-10,692.4236,785.8618,817.2134
2029-04-11,691.5291,785.8618,818.29486
2029-04-12,692.77344,785.8618,819.6424
2029-04-13,693.7802,785.8618,820.2091
2029-04-14,693.0468,785.7524,821.3805
2029-04-15,692.3837,785.75476,822.19006
2029-04-16,691.6555,785.6711,822.0272
2029-04-17,691.6555,785.36633,822.49854
2029-04-18,691.8248,785.66797,822.42847
2029-04-19,692.35114,786.1963,821.747
2029-04-20,691.91724,785.99286,821.4041
2029-04-21,692.5331,786.0726,822.1239
2029-04-22,692.8886,785.8604,822.10815
2029-04-23,693.57965,785.8604,822.0781
2029-04-24,695.4112,785.9921,822.13513
2029-04-25,697.5884,786.1541,822.19025
2029-04-26,699.95135,786.4656,822.19025
2029-04-27,702.2255,786.5199,822.1441
2029-04-28,703.44434,785.66003,822.2158
2029-04-29,703.3185,785.1967,822.07983
2029-04-30,702.66095,785.04205,821.34625
2029-05-01,702.63654,785.00305,821.8718
2029-05-02,702.22064,785.00305,822.4859
2029-05-03,703.1167,785.08527,823.9418
2029-05-04,703.4626,785.2082,825.1489
2029-05-05,704.71875,785.32367,826.9531
2029-05-06,707.1593,785.314,828.89154
2029-05-07,709.7752,785.1369,829.59717
2029-05-08,712.62494,785.314,831.7174
2029-05-09,714.72485,785.314,831.8849
2029-05-10,717.1527,785.3715,833.0417
2029-05-11,719.5841,785.85504,832.729
2029-05-12,719.5912,786.16693,833.5999
2029-05-13,720.2669,785.4482,835.43115
2029-05-14,721.2825,785.8165,836.4676
2029-05-15,722.84717,785.80646,836.39233
2029-05-16,724.3029,785.80646,836.7374
2029-05-17,723.99243,785.80646,836.76654
2029-05-18,723.9932,785.8672,837.4765
2029-05-19,723.9932,785.8672,837.67175
2029-05-20,724.2328,785.8672,837.9054
2029-05-21,725.6326,785.8672,837.928
2029-05-22,726.6355,785.78644,838.2306
2029-05-23,727.77606,785.78644,838.0917
2029-05-24,728.1037,785.78644,838.29834
2029-05-25,727.99677,785.78644,838.1594
2029-05-26,728.0304,785.78644,838.1594
2029-05-27,728.05164,785.78644,838.29834
2029-05-28,728.2011,785.78644,838.2224
2029-05-29,729.00354,785.81775,839.0639
2029-05-30,727.8018,785.81775,840.2669
2029-05-31,727.33545,785.81775,839.7236
2029-06-01,727.97986,785.91315,839.74603
2029-06-02,728.0921,785.8779,839.41644
2029-06-03,727.49866,785.8779,839.95874
2029-06-04,727.8324,785.8779,840.0468
2029-06-05,727.9843,785.7567,839.7381
2029-06-06,727.9876,785.79193,840.3625
2029-06-07,727.3774,785.7745,842.03656
2029-06-08,727.33545,787.45795,841.50885
2029-06-09,727.9995,787.88934,841.49133
2029-06-10,728.5174,789.0059,842.0151
2029-06-11,729.2375,790.255,842.6441
2029-06-12,727.9998,791.42554,842.19763
2029-06-13,727.13214,792.2179,842.9456
2029-06-14,727.6203,793.25995,846.8193
2029-06-15,728.466,793.1959,846.51855
2029-06-16,729.0454,793.1959,846.1752
2029-06-17,729.0454,793.1768,846.0644
2029-06-18,729.0454,793.44415,846.9121
2029-06-19,729.0454,794.3461,846.9121
2029-06-20,729.9101,794.0602,846.5499
2029-06-21,732.68994,794.2025,846.2792
2029-06-22,735.39294,794.3197,846.12585
2029-06-23,735.3725,794.1758,846.3966
2029-06-24,736.4393,795.1451,846.3222
2029-06-25,738.42554,796.0851,845.942
2029-06-26,739.2081,797.96594,845.91644
2029-06-27,739.56726,799.98553,845.64856
2029-06-28,739.94824,801.83514,843.94446
2029-06-29,739.6449,803.7607,845.217
2029-06-30,738.6704,803.94147,844.29736
2029-07-01,737.6332,804.93256,844.5843
2029-07-02,737.3941,804.59845,844.1487
2029-07-03,737.89526,804.27264,844.64746
2029-07-04,737.745,804.6531,844.60944
2029-07-05,739.2945,804.59686,844.27875
2029-07-06,739.4535,804.57404,845.03613
2029-07-07,738.49176,804.84985,843.97534
2029-07-08,738.7612,804.9827,844.61676
2029-07-09,739.0663,804.837,844.3023
2029-07-10,739.5005,804.4435,844.33234
2029-07-11,739.13965,804.64105,844.32245
2029-07-12,739.4044,804.93713,844.4349
2029-07-13,738.8368,805.4244,844.4349
2029-07-14,739.1082,805.6544,843.71814
2029-07-15,739.1082,805.37103,844.61035
2029-07-16,739.0861,805.0202,844.49036
2029-07-17,739.0861,804.516,844.5431
2029-07-18,738.7978,803.71826,844.4717
2029-07-19,738.89795,803.55206,844.4374
2029-07-20,738.2862,803.9637,844.4374
2029-07-21,738.3188,803.60614,844.54004
2029-07-22,738.9058,803.72284,844.54004
2029-07-23,738.9058,803.9929,844.54004
2029-07-24,738.44635,804.12604,844.54004
2029-07-25,738.6332,804.7643,843.62244
2029-07-26,737.9361,803.54346,843.252
2029-07-27,737.00446,802.9812,843.252
2029-07-28,736.5028,802.7149,843.8797
2029-07-29,736.32104,801.8308,843.36707
2029-07-30,736.96674,801.7323,843.42236
2029-07-31,737.1034,801.6823,843.42236
2029-08-01,737.3942,801.5109,843.42236
2029-08-02,736.9791,801.6986,843.395
2029-08-03,736.68475,801.3496,843.2395
2029-08-04,736.36896,800.4279,843.17804
2029-08-05,736.7636,800.0421,843.17804
2029-08-06,736.79584,800.0421,843.81866
2029-08-07,738.22363,800.27704,843.23785
2029-08-08,738.0072,800.1628,843.23785
2029-08-09,737.1609,800.26056,843.2305
2029-08-10,737.31287,800.22894,843.2305
2029-08-11,737.26276,800.0603,843.4044
2029-08-12,736.5815,800.0603,843.3406
2029-08-13,736.5815,799.84503,843.8085
2029-08-14,736.136,798.9872,843.2278
2029-08-15,735.32196,798.5201,842.9484
2029-08-16,735.3789,797.96466,842.7144
2029-08-17,735.4336,797.0083,842.88336
2029-08-18,735.7528,796.2794,842.88336
2029-08-19,736.0282,796.44385,842.8531
2029-08-20,736.2656,796.10876,842.8531
2029-08-21,735.4779,796.5809,842.8531
2029-08-22,735.4761,796.9013,842.8531
2029-08-23,735.45386,796.352,842.7214
2029-08-24,735.2575,796.3799,843.63135
2029-08-25,735.5091,795.8388,843.63135
2029-08-26,735.96436,795.4107,843.9071
2029-08-27,735.515,795.76373,843.51495
2029-08-28,735.18005,795.6211,843.51495
2029-08-29,735.3674,795.4153,843.5077
2029-08-30,735.5042,795.46844,843.71454
2029-08-31,735.4545,795.28644,843.59937
2029-09-01,735.2808,795.3088,843.59937
2029-09-02,735.12213,795.2577,843.11224
2029-09-03,735.73645,794.97144,843.25116
2029-09-04,735.73645,793.9353,843.50995
2029-09-05,735.60706,794.9714,843.487
2029-09-06,734.7444,795.1688,843.487
2029-09-07,735.75287,794.29816,843.487
2029-09-08,735.6795,793.9278,843.0811
2029-09-09,735.6795,794.14856,843.4612
2029-09-10,735.62244,794.19507,843.4612
2029-09-11,735.70056,794.81445,842.8639
2029-09-12,734.2213,794.9306,842.8639
2029-09-13,733.4916,795.01013,843.3691
2029-09-14,733.4969,795.21375,844.0508
2029-09-15,733.7909,795.2839,844.11743
2029-09-16,734.04846,795.52405,844.4223
2029-09-17,733.8736,795.52405,843.7311
2029-09-18,733.2035,795.80725,844.0439
2029-09-19,732.0329,795.2507,844.2478
2029-09-20,729.9879,795.55414,844.60944
2029-09-21,729.68445,795.53314,844.6352
2029-09-22,728.7905,795.75256,844.7756
2029-09-23,728.91547,795.97095,844.94867
2029-09-24,729.36816,796.55383,843.21924
2029-09-25,729.1921,796.48944,843.93646
2029-09-26,729.74713,797.08636,843.2918
2029-09-27,729.28656,797.0628,843.62805
2029-09-28,729.00885,796.98444,843.5593
2029-09-29,729.01373,795.74713,842.88104
2029-09-30,729.10016,794.24786,843.2345
2029-10-01,728.6333,793.1953,843.5916
2029-10-02,728.58875,792.36255,843.064
2029-10-03,728.66986,792.3462,841.10016
2029-10-04,728.7421,792.17017,838.14874
2029-10-05,728.5002,793.2362,837.31476
2029-10-06,728.7118,792.98413,836.3274
2029-10-07,728.7929,793.52454,835.71326
2029-10-08,729.0922,793.9762,836.1583
2029-10-09,729.0834,794.07684,835.3143
2029-10-10,729.2332,793.9358,835.42847
2029-10-11,728.7617,794.05066,836.4891
2029-10-12,728.0294,793.285,836.1369
2029-10-13,727.288,792.38715,836.2301
2029-10-14,726.8082,792.8374,836.0262
2029-10-15,726.6927,793.13446,835.8824
2029-10-16,726.0957,794.23346,836.7261
2029-10-17,725.9566,794.3601,835.7336
2029-10-18,726.043,794.4909,836.90045
2029-10-19,725.5802,793.77893,834.6256
2029-10-20,725.5802,793.9152,834.7571
2029-10-21,725.9566,793.9802,834.1557
2029-10-22,725.9566,793.9467,833.49866
2029-10-23,725.9566,794.6746,833.4947
2029-10-24,726.0289,795.2229,834.41473
2029-10-25,725.9566,795.16,834.4249
2029-10-26,726.0015,795.575,835.11005
2029-10-27,725.85486,795.2023,835.7515
2029-10-28,726.1309,795.06396,834.50616
2029-10-29,725.91705,795.21014,833.5669
2029-10-30,725.91705,795.41785,832.3579
2029-10-31,725.91705,795.8544,830.3901
2029-11-01,725.91705,795.227,827.5759
2029-11-02,726.1689,795.297,827.5217
2029-11-03,725.72833,795.314,828.8682
2029-11-04,725.88165,795.4804,828.018
2029-11-05,725.73944,795.0894,827.98376
2029-11-06,725.44525,793.4852,826.6235
2029-11-07,726.07733,792.837,825.3417
2029-11-08,725.97424,792.5442,823.8226
2029-11-09,725.7278,792.5559,822.1228
2029-11-10,725.7278,792.87146,821.5691
2029-11-11,725.7278,792.77844,820.4816
2029-11-12,725.8394,792.9966,820.212
2029-11-13,725.99274,793.03107,818.6386
2029-11-14,725.99274,792.1446,818.25507
2029-11-15,725.99274,792.61774,818.6798
2029-11-16,725.99274,792.04987,818.4543
2029-11-17,726.522,792.1594,818.9697
2029-11-18,726.0302,792.10724,818.5352
2029-11-19,726.4561,792.1286,819.1616
2029-11-20,726.13885,792.1286,818.78033
2029-11-21,726.38635,792.4979,819.0161
2029-11-22,726.05493,791.90845,818.64545
2029-11-23,726.2965,791.90845,818.1901
2029-11-24,726.07855,792.3883,818.385
2029-11-25,726.15204,792.82074,818.5496
2029-11-26,726.28735,792.3031,818.0552
2029-11-27,726.51685,792.178,817.2427
2029-11-28,727.08105,792.178,816.51135
2029-11-29,726.7163,792.178,815.8642
2029-11-30,726.7163,792.36304,815.8468
2029-12-01,725.71313,792.2442,816.0994
2029-12-02,725.41876,792.05884,815.47314
2029-12-03,725.8526,791.9787,814.98035
2029-12-04,725.4523,792.3245,815.2855
2029-12-05,727.3904,792.3353,814.84814
2029-12-06,728.0981,792.42584,813.441
2029-12-07,728.4873,792.36847,813.9565
2029-12-08,729.2141,792.4101,813.81616
2029-12-09,730.6163,792.4101,813.7371
2029-12-10,732.45703,792.33026,813.7371
2029-12-11,734.7348,792.0386,813.6994
2029-12-12,736.52826,792.2456,813.6487
2029-12-13,738.2611,792.2318,813.6455
2029-12-14,738.7162,791.9796,813.0936
2029-12-15,738.41046,791.74164,812.21063
2029-12-16,737.85504,790.281,812.0641
2029-12-17,737.0796,789.7124,811.7565
2029-12-18,737.234,789.0188,811.5176
2029-12-19,737.70197,788.30707,810.1886
2029-12-20,737.9744,788.2822,809.5129
2029-12-21,737.675,788.7955,808.5416
2029-12-22,737.675,788.9913,808.2806
2029-12-23,738.1928,789.1946,807.83813
2029-12-24,738.6479,789.5054,808.1176
2029-12-25,738.52985,789.5054,807.8616
2029-12-26,738.1339,789.1135,807.9419
2029-12-27,738.52985,788.93756,808.44
2029-12-28,738.53156,788.93756,808.2848
2029-12-29,738.36505,789.6648,808.21094
2029-12-30,738.61774,789.48096,807.96326
2029-12-31,737.2214,789.01764,808.009
2030-01-01,737.23224,790.23193,807.0631
2030-01-02,736.46375,791.23175,806.4799
2030-01-03,736.9631,791.1719,805.18787
2030-01-04,737.05554,791.1965,803.8657
2030-01-05,738.41016,791.37244,803.2728
2030-01-06,738.4785,791.3701,802.1755
2030-01-07,737.49896,791.2709,800.93445
2030-01-08,736.85583,791.30426,799.94965
2030-01-09,736.0688,791.30426,801.1477
2030-01-10,733.8329,791.30426,801.46765
2030-01-11,734.8809,791.30426,801.2191
2030-01-12,735.0248,790.9891,800.61835
2030-01-13,735.3025,790.9144,800.8335
2030-01-14,735.4617,791.4878,800.78253
2030-01-15,736.0897,792.0674,800.8176
2030-01-16,736.0119,793.06415,800.9183
2030-01-17,735.6273,793.1657,800.9281
2030-01-18,734.64655,793.1442,801.0872
2030-01-19,734.2997,793.0462,801.0872
2030-01-20,733.5776,793.4123,800.2962
2030-01-21,733.5776,794.3564,800.57324
2030-01-22,733.379,794.4553,800.74335
2030-01-23,733.8576,794.2969,800.74335
2030-01-24,733.49054,794.96954,801.51
2030-01-25,733.7066,795.5274,801.9886
2030-01-26,733.7066,795.2976,802.64453
2030-01-27,732.73224,796.56683,802.1502
2030-01-28,731.56165,797.4868,802.64453
2030-01-29,729.5971,798.35645,802.78674
2030-01-30,728.628,799.30334,803.74756
2030-01-31,728.81885,800.2026,805.363
2030-02-01,729.15106,800.5682,805.7495
2030-02-02,729.15106,800.8846,806.03284
2030-02-03,727.9478,801.4956,805.94714
2030-02-04,726.71735,802.4678,805.868
2030-02-05,725.473,803.0053,806.29395
2030-02-06,725.77844,802.8927,806.14417
2030-02-07,725.977,803.1037,806.5354
2030-02-08,725.977,802.94507,806.3241
2030-02-09,725.7521,802.84894,806.61676
2030-02-10,726.3508,803.0264,807.0127
2030-02-11,727.373,803.48694,807.10126
2030-02-12,727.85876,803.9773,807.10126
2030-02-13,728.40704,803.2628,807.01117
2030-02-14,728.12714,802.1432,807.01117
2030-02-15,727.31,802.5029,807.01117
2030-02-16,726.60046,802.96204,807.01117
2030-02-17,724.9443,803.5558,807.01117
2030-02-18,722.8287,802.7296,806.97894
2030-02-19,721.85815,801.7328,806.8033
2030-02-20,721.3721,801.56964,806.8033
2030-02-21,721.5193,801.56964,806.8033
2030-02-22,721.43195,801.5898,806.8033
2030-02-23,720.0808,801.6122,807.1357
2030-02-24,717.7323,801.6932,807.1357
2030-02-25,715.3939,801.51996,806.8293
2030-02-26,715.2644,801.51154,807.3185
2030-02-27,715.33905,802.1353,807.12714
2030-02-28,714.9196,802.30066,806.88586
2030-03-01,714.5712,802.44885,807.0942
2030-03-02,714.19885,802.2103,806.8383
2030-03-03,714.3051,801.6853,806.8383
2030-03-04,714.3051,801.6132,806.8383
2030-03-05,714.95624,801.4821,806.8383
2030-03-06,714.57886,801.63104,806.8383
2030-03-07,714.73315,801.26733,806.56696
2030-03-08,714.3059,800.9929,806.52185
2030-03-09,715.1449,801.2864,805.8418
2030-03-10,715.5791,801.0309,805.7732
2030-03-11,715.9122,800.79315,805.6171
2030-03-12,716.245,800.66974,805.5505
2030-03-13,716.5806,800.6996,805.2016
2030-03-14,715.45325,801.0074,804.63513
2030-03-15,714.8023,799.9382,804.0216
2030-03-16,714.276,799.2699,803.6809
2030-03-17,714.5172,798.8256,803.88586
2030-03-18,714.3191,798.1039,803.88586
2030-03-19,714.25024,798.21515,803.8997
2030-03-20,714.6388,798.33856,803.9678
2030-03-21,714.3618,797.87915,803.71826
2030-03-22,714.25287,797.18835,803.6068
2030-03-23,715.7549,796.74255,802.81824
2030-03-24,716.9685,796.6812,802.3863
2030-03-25,715.37646,796.78937,801.5805
2030-03-26,716.16876,796.6477,800.7075
2030-03-27,716.43646,796.6075,800.11475
2030-03-28,716.32336,796.3073,800.4327
2030-03-29,716.3179,796.54407,799.6185
2030-03-30,717.2938,796.6754,798.7704
2030-03-31,718.47906,797.4397,798.6129
2030-04-01,719.9748,798.1327,798.8087
2030-04-02,720.14264,799.1397,798.3739
2030-04-03,720.6241,800.3434,798.7875
2030-04-04,720.6826,800.1651,798.44354
2030-04-05,720.4137,801.20685,799.153
2030-04-06,720.0726,801.27826,799.3105
2030-04-07,720.4322,800.8759,799.7387
2030-04-08,719.8532,801.3426,800.4168
2030-04-09,719.51465,801.24744,800.54315
2030-04-10,720.38824,801.0677,800.54315
2030-04-11,720.46783,801.0677,800.7237
2030-04-12,720.58057,801.4065,799.9996
2030-04-13,720.148,801.4065,799.30927
2030-04-14,720.8015,801.0922,799.62427
2030-04-15,719.5402,801.176,798.88324
2030-04-16,718.7107,801.09235,798.2064
2030-04-17,719.1108,800.8338,798.82056
2030-04-18,719.1108,800.897,798.4801
2030-04-19,719.1319,801.2731,799.208
2030-04-20,718.77234,801.2731,799.3589
2030-04-21,719.31384,800.9061,799.7165
2030-04-22,718.8775,800.8424,799.4888
2030-04-23,719.64984,800.6111,799.4888
2030-04-24,719.5278,800.88995,800.31354
2030-04-25,719.7204,801.1049,800.661
2030-04-26,719.2629,801.3531,801.16406
2030-04-27,718.8686,801.0695,801.5911
2030-04-28,718.3848,800.4407,801.8443
2030-04-29,718.3848,800.32074,801.86304
2030-04-30,718.5449,800.3044,801.52106
2030-05-01,717.90735,800.32074,801.68677
2030-05-02,717.90735,800.32074,801.63324
2030-05-03,718.32074,800.79944,801.6418
2030-05-04,719.091,800.72815,801.71466
2030-05-05,718.1053,800.5329,802.0051
2030-05-06,718.1929,800.83527,802.2908
2030-05-07,718.1651,800.6811,802.68146
2030-05-08,718.3067,801.10394,803.2168
2030-05-09,718.4141,800.4158,805.07654
2030-05-10,718.1903,800.36615,807.2255
2030-05-11,718.05695,800.6454,809.2079
2030-05-12,717.9271,801.28485,810.44226
2030-05-13,718.07,800.60406,812.7278
2030-05-14,718.8573,800.7761,814.17957
2030-05-15,718.1806,800.44073,815.90393
2030-05-16,719.30975,800.4092,818.2691
2030-05-17,719.2527,800.4092,821.21045
2030-05-18,718.96204,800.4092,821.7337
2030-05-19,718.96204,800.9566,821.91254
2030-05-20,718.73987,800.9786,822.6952
2030-05-21,718.6645,800.70605,823.496
2030-05-22,718.57214,800.73083,824.18506
2030-05-23,718.08124,800.73083,825.72125
2030-05-24,718.08124,800.73083,826.6505
2030-05-25,718.08124,800.73083,827.1241
2030-05-26,718.7281,801.0197,828.1261
2030-05-27,718.7281,800.66077,829.333
2030-05-28,718.6593,800.73083,830.27905
2030-05-29,718.0776,801.2352,828.97577
2030-05-30,718.0776,801.13904,829.97217
2030-05-31,717.67236,801.32825,828.271
2030-06-01,716.94574,801.4477,828.5405
2030-06-02,716.4903,801.4477,828.4659
2030-06-03,716.4903,800.9043,829.06354
2030-06-04,716.42145,800.9043,830.03766
2030-06-05,716.42145,801.13806,830.09955
2030-06-06,716.42145,801.1691,829.91974
2030-06-07,715.86304,801.9836,829.631
2030-06-08,715.99115,802.8632,829.13605
2030-06-09,715.99115,803.60516,828.9754
2030-06-10,715.99115,804.3269,831.0684
2030-06-11,715.99115,805.16113,831.1105
2030-06-12,716.2108,805.9654,831.5347
2030-06-13,716.2108,807.59283,831.712
2030-06-14,716.3782,808.0108,832.2346
2030-06-15,716.3782,808.8148,833.9539
2030-06-16,715.57404,810.4036,836.3084
2030-06-17,715.6574,810.03656,838.0416
2030-06-18,715.6574,809.6567,838.8285
2030-06-19,715.6574,809.14905,837.60895
2030-06-20,715.45483,809.8374,838.2939
2030-06-21,714.5147,809.6904,839.32684
2030-06-22,713.1407,809.4363,838.5411
2030-06-23,712.9129,810.0648,837.89014
2030-06-24,711.15106,809.9907,838.3862
2030-06-25,709.77826,809.2544,837.59674
2030-06-26,709.0552,809.4456,838.7841
2030-06-27,707.6975,809.84753,838.40173
2030-06-28,707.4631,809.36035,838.31726
2030-06-29,706.98035,810.1265,838.24426
2030-06-30,706.5723,809.9611,839.1026
2030-07-01,703.2572,810.2052,839.0146
2030-07-02,702.33673,810.5789,838.1967
2030-07-03,703.1564,810.1534,837.4169
2030-07-04,702.80035,810.72705,836.7123
2030-07-05,702.3195,810.4027,835.93024
2030-07-06,701.7259,810.1887,836.09
2030-07-07,701.523,810.6491,836.14703
2030-07-08,701.8965,810.4805,836.0618
2030-07-09,701.4521,810.5804,836.3863
2030-07-10,701.4521,810.49713,836.6484
2030-07-11,701.2038,810.20044,836.8663
2030-07-12,701.4174,810.9985,837.5002
2030-07-13,701.7059,810.1667,837.5002
2030-07-14,701.3403,811.02094,836.14435
2030-07-15,701.7658,810.2155,836.6501
2030-07-16,701.8649,811.0102,837.83746
2030-07-17,701.71985,810.2283,838.0412
2030-07-18,701.5529,810.89215,838.43506
2030-07-19,703.18475,809.4383,838.9983
2030-07-20,703.34827,810.06335,839.3228
2030-07-21,702.73535,810.29816,839.1367
2030-07-22,703.6062,809.64166,839.37726
2030-07-23,703.82745,809.2669,840.706
2030-07-24,702.4604,809.07043,841.2829
2030-07-25,702.0961,809.11646,841.6382
2030-07-26,701.8814,807.84564,840.7369
2030-07-27,701.7816,806.54834,840.43353
2030-07-28,700.7998,805.6106,840.384
2030-07-29,700.95953,804.7447,840.384
2030-07-30,700.95953,803.2664,840.286
2030-07-31,701.48206,802.19653,839.1396
2030-08-01,701.5268,801.36273,838.6204
2030-08-02,700.76624,800.6202,837.8586
2030-08-03,700.7215,800.6681,837.84674
2030-08-04,699.6334,800.71606,836.8566
2030-08-05,699.9012,800.34644,835.7807
2030-08-06,699.9012,800.41876,835.89233
2030-08-07,702.0971,800.8558,835.6568
2030-08-08,701.65204,800.99945,836.0808
2030-08-09,700.8984,800.87585,836.2843
2030-08-10,700.85364,800.6032,836.2402
2030-08-11,700.8786,800.85944,836.4216
2030-08-12,700.773,800.28326,836.09656
2030-08-13,700.6421,800.013,836.1942
2030-08-14,699.42267,799.8432,836.1942
2030-08-15,697.3361,798.9089,835.66797
2030-08-16,697.2266,797.9697,835.1973
2030-08-17,697.6797,796.6124,834.8892
2030-08-18,698.2905,795.5722,834.8892
2030-08-19,697.759,794.9591,834.85895
2030-08-20,698.2905,794.5321,834.85895
2030-08-21,697.8757,794.0396,834.85895
2030-08-22,697.0533,794.3298,835.1998
2030-08-23,697.83594,794.0326,834.75446
2030-08-24,698.3638,794.4777,835.2531
2030-08-25,698.0408,794.4107,835.2531
2030-08-26,698.0307,794.63007,834.8683
2030-08-27,698.7939,795.5302,834.5918
2030-08-28,698.92474,796.0269,834.5918
2030-08-29,698.55225,795.5523,834.4433
2030-08-30,698.92474,795.8442,833.3728
2030-08-31,698.34576,795.7648,833.3479
2030-09-01,698.34576,795.49225,833.4118
2030-09-02,698.05853,795.0884,832.9429
2030-09-03,698.91425,794.828,830.89417
2030-09-04,698.91425,794.72003,829.89575
2030-09-05,698.13763,795.5447,829.4264
2030-09-06,697.93976,795.47,829.65845
2030-09-07,698.91583,795.4231,829.4264
2030-09-08,698.5562,795.94415,830.2631
2030-09-09,698.5562,796.3389,829.8716
2030-09-10,698.6138,797.182,830.38715
2030-09-11,699.0203,796.3064,828.7991
2030-09-12,698.4994,796.4452,828.04816
2030-09-13,698.7006,796.75726,827.67554
2030-09-14,698.77496,796.372,827.2537
2030-09-15,698.7174,796.35486,826.7565
2030-09-16,698.40094,796.35486,826.773
2030-09-17,697.92145,796.4525,826.1132
2030-09-18,697.68353,796.89734,825.5712
2030-09-19,697.0533,795.93964,825.3777
2030-09-20,696.5716,795.7169,825.4076
2030-09-21,697.9074,795.3375,825.34625
2030-09-22,697.7642,796.0006,825.6358
2030-09-23,696.5792,796.606,826.05945
2030-09-24,697.25824,797.4591,825.15497
2030-09-25,696.9911,797.75854,825.2592
2030-09-26,697.23413,797.9496,825.115
2030-09-27,697.5361,798.34784,825.115
2030-09-28,696.7688,798.704,825.115
2030-09-29,697.075,797.1966,825.6634
2030-09-30,697.5391,794.8163,825.20074
2030-10-01,696.88464,793.298,825.38983
2030-10-02,697.02423,792.3068,825.40204
2030-10-03,697.6011,792.4868,825.9218
2030-10-04,697.1892,792.8939,825.83276
2030-10-05,697.478,793.43713,826.5424
2030-10-06,697.06616,794.18646,825.4882
2030-10-07,697.478,794.0771,826.2393
2030-10-08,697.06616,795.0255,826.11285
2030-10-09,697.71606,795.66644,825.61145
2030-10-10,696.94617,795.7622,825.30444
2030-10-11,694.4933,795.40515,824.9539
2030-10-12,692.91,794.11115,823.8954
2030-10-13,692.22815,793.3685,823.06396
2030-10-14,691.15656,794.1245,823.70044
2030-10-15,691.1535,793.9054,822.93976
2030-10-16,690.2002,794.97595,823.57587
2030-10-17,690.2251,794.28894,823.4628
2030-10-18,690.09717,793.8718,823.76184
2030-10-19,690.09717,793.6574,823.2495
2030-10-20,689.4431,794.16534,823.17993
2030-10-21,689.2283,794.4951,823.66296
2030-10-22,689.2283,794.6022,823.5934
2030-10-23,688.5742,794.56055,823.51715
2030-10-24,687.04865,795.1323,823.5934
2030-10-25,685.5682,795.3536,823.3152
2030-10-26,683.7846,796.1356,823.2157
2030-10-27,682.32544,795.6661,822.9252
2030-10-28,681.808,794.78705,823.2429
2030-10-29,682.1596,794.51324,822.94794
2030-10-30,681.59064,793.9873,823.18835
2030-10-31,681.4947,794.3673,823.18835
2030-11-01,681.685,793.7081,823.00464
2030-11-02,681.3497,793.6911,823.03577
2030-11-03,681.55786,793.6911,822.77856
2030-11-04,681.55786,793.69684,822.77856
2030-11-05,681.55786,793.8156,822.7561
2030-11-06,681.2601,793.14514,822.36096
2030-11-07,681.336,792.3292,820.8392
2030-11-08,681.336,792.85895,820.92163
2030-11-09,682.1613,793.08185,821.33203
2030-11-10,682.1613,793.30945,820.55634
2030-11-11,682.1613,793.15295,820.351
2030-11-12,681.7124,793.15295,819.51807
2030-11-13,681.7124,792.30115,819.2852
2030-11-14,682.04364,792.10406,819.50165
2030-11-15,682.04364,792.05865,819.9858
2030-11-16,682.0804,792.05865,820.47186
2030-11-17,682.0804,792.3325,821.069
2030-11-18,681.9059,792.3325,821.3149
2030-11-19,681.70013,792.3017,821.2181
2030-11-20,681.70013,792.2132,820.79175
2030-11-21,682.11566,792.2132,821.34686
2030-11-22,682.11566,792.2132,821.1551
2030-11-23,682.1131,792.2132,820.71106
2030-11-24,682.24274,792.0841,820.71106
2030-11-25,681.645,792.447,821.07153
2030-11-26,680.95044,792.1603,820.35
2030-11-27,680.3257,792.0041,819.2441
2030-11-28,680.16907,792.0041,818.4347
2030-11-29,680.16907,792.0041,817.6313
2030-11-30,680.16907,792.18915,817.21936
2030-12-01,679.5102,792.0703,816.47546
2030-12-02,678.55707,792.0703,815.4371
2030-12-03,678.1935,791.80475,816.1868
2030-12-04,678.1231,790.573,815.03
2030-12-05,677.98816,790.01276,814.72015
2030-12-06,677.98816,789.1568,813.41187
2030-12-07,677.98816,788.5741,813.0704
2030-12-08,678.03815,788.6157,813.0525
2030-12-09,678.38354,788.6157,813.0984
2030-12-10,678.8222,789.093,813.02826
2030-12-11,679.0098,788.98596,813.06067
2030-12-12,679.02594,789.193,813.1733
2030-12-13,678.8021,789.1792,812.5559
2030-12-14,678.8021,788.8469,811.80524
2030-12-15,679.0446,788.60895,811.1284
2030-12-16,678.70105,788.959,809.841
2030-12-17,678.97363,789.0127,808.9386
2030-12-18,678.6297,788.8381,807.3849
2030-12-19,678.7833,788.49347,805.2299
2030-12-20,679.21246,788.4686,804.1986
2030-12-21,678.6984,788.45087,803.5862
2030-12-22,678.6984,788.45087,802.1424
2030-12-23,678.7693,788.6542,800.8504
2030-12-24,678.67126,789.0631,800.3964
2030-12-25,678.67126,789.0631,800.713
2030-12-26,678.7693,788.67126,798.5277
2030-12-27,678.67126,788.4953,796.6844
2030-12-28,678.85614,788.2995,796.4943
2030-12-29,678.9353,789.02673,796.95404
2030-12-30,679.2588,788.59186,796.286
2030-12-31,679.2441,788.6539,795.87537
