,SolLith,LitioAndes,LithiumOz
2026-06-01,18107.152,19132.979,19978.74
2026-06-02,18106.904,19132.979,19981.701
2026-06-03,18100.24,19134.107,19977.389
2026-06-04,18100.24,19133.113,19974.34
2026-06-05,18100.24,19132.367,19967.016
2026-06-06,18100.99,19132.904,19968.89
2026-06-07,18101.725,19134.273,19966.994
2026-06-08,18100.99,19133.941,19966.994
2026-06-09,18101.094,19133.941,19967.24
2026-06-10,18101.094,19132.889,19966.037
2026-06-11,18109.42,19129.164,19961.771
2026-06-12,18109.516,19121.072,19942.967
2026-06-13,18111.451,19123.43,19942.809
2026-06-14,18110.367,19124.877,19943.215
2026-06-15,18109.258,19123.035,19946.139
2026-06-16,18110.18,19119.285,19947.59
2026-06-17,18110.18,19122.38,19945.197
2026-06-18,18102.416,19122.398,19947.67
2026-06-19,18102.416,19121.777,19953.127
2026-06-20,18104.18,19121.043,19950.32
2026-06-21,18103.094,19121.559,19951.49
2026-06-22,18101.932,19121.043,19950.445
2026-06-23,18105.54,19121.559,19957.012
2026-06-24,18102.38,19121.043,19956.678
2026-06-25,18106.326,19121.043,19954.613
2026-06-26,18105.482,19120.703,19953.457
2026-06-27,18105.291,19120.703,19948.66
2026-06-28,18100.738,19122.0,19953.568
2026-06-29,18100.432,19120.703,19948.951
2026-06-30,18099.344,19119.537,19950.062
2026-07-01,18096.207,19120.555,19953.264
2026-07-02,18087.545,19121.852,19951.424
2026-07-03,18089.24,19120.941,19950.754
2026-07-04,18087.113,19122.107,19955.61
2026-07-05,18088.94,19122.107,19946.61
2026-07-06,18095.322,19122.107,19951.076
2026-07-07,18095.322,19121.975,19953.441
2026-07-08,18095.322,19121.975,19950.104
2026-07-09,18092.908,19121.975,19952.166
2026-07-10,18092.908,19121.332,19951.29
2026-07-11,18091.791,19121.332,19947.678
2026-07-12,18090.953,19119.064,19947.355
2026-07-13,18091.252,19119.064,19947.28
2026-07-14,18092.947,19118.568,19946.975
2026-07-15,18092.947,19120.744,19950.27
2026-07-16,18099.293,19120.049,19949.672
2026-07-17,18092.643,19120.049,19950.22
2026-07-18,18094.127,19120.592,19946.852
2026-07-19,18094.766,19120.861,19946.852
2026-07-20,18096.46,19122.053,19946.852
2026-07-21,18098.25,19120.607,19951.193
2026-07-22,18096.488,19120.607,19951.6
2026-07-23,18089.348,19121.45,19952.613
2026-07-24,18089.012,19121.15,19947.424
2026-07-25,18089.66,19121.15,19948.63
2026-07-26,18089.361,19120.635,19950.809
2026-07-27,18090.531,19121.15,19946.467
2026-07-28,18090.531,19120.63,19948.215
2026-07-29,18090.531,19120.63,19948.215
2026-07-30,18090.531,19120.74,19951.41
2026-07-31,18090.426,19120.74,19951.217
2026-08-01,18096.627,19118.863,19951.723
2026-08-02,18096.627,19120.559,19951.303
2026-08-03,18094.217,19121.29,19950.666
2026-08-04,18095.06,19119.596,19950.666
2026-08-05,18093.861,19120.605,19948.984
2026-08-06,18094.074,19120.266,19953.436
2026-08-07,18093.404,19119.477,19954.076
2026-08-08,18091.32,19116.512,19951.506
2026-08-09,18087.59,19110.238,19952.26
2026-08-10,18089.18,19106.715,19952.887
2026-08-11,18083.086,19106.426,19952.676
2026-08-12,18083.908,19105.977,19952.752
2026-08-13,18080.125,19107.758,19951.889
2026-08-14,18079.754,19106.947,19950.78
2026-08-15,18062.91,19106.947,19950.72
2026-08-16,18065.525,19108.818,19950.72
2026-08-17,18068.49,19108.818,19950.262
2026-08-18,18064.06,19107.959,19950.176
2026-08-19,18058.873,19110.666,19950.176
2026-08-20,18063.121,19111.562,19950.176
2026-08-21,18063.121,19110.703,19950.115
2026-08-22,18065.385,19109.873,19950.115
2026-08-23,18061.137,19109.873,19950.47
2026-08-24,18065.385,19111.262,19950.547
2026-08-25,18065.385,19110.191,19950.547
2026-08-26,18062.756,19110.191,19950.547
2026-08-27,18062.016,19111.527,19951.041
2026-08-28,18057.768,19110.012,19949.16
2026-08-29,18057.768,19111.932,19949.16
2026-08-30,18057.873,19111.932,19949.084
2026-08-31,18057.768,19112.318,19948.809
2026-09-01,18057.768,19112.986,19948.75
2026-09-02,18062.016,19112.182,19948.75
2026-09-03,18057.768,19111.84,19949.06
2026-09-04,18061.17,19111.582,19950.385
2026-09-05,18052.967,19114.457,19951.238
2026-09-06,18050.926,19113.28,19948.355
2026-09-07,18046.678,19111.902,19948.355
2026-09-08,18049.377,19113.855,19948.355
2026-09-09,18049.482,19118.518,19953.215
2026-09-10,18047.979,19124.78,19948.037
2026-09-11,18047.873,19123.824,19949.336
2026-09-12,18047.979,19122.148,19949.555
2026-09-13,18047.03,19122.148,19949.871
2026-09-14,18048.533,19121.387,19949.64
2026-09-15,18047.283,19121.387,19948.076
2026-09-16,18047.283,19118.426,19948.998
2026-09-17,18049.357,19120.139,19949.074
2026-09-18,18048.178,19120.533,19951.854
2026-09-19,18048.178,19121.002,19949.45
2026-09-20,18048.178,19120.533,19947.412
2026-09-21,18045.326,19120.732,19948.115
2026-09-22,18050.611,19119.096,19946.727
2026-09-23,18050.611,19122.43,19947.61
2026-09-24,18043.814,19121.57,19947.129
2026-09-25,18040.809,19121.197,19944.99
2026-09-26,18044.85,19121.197,19948.729
2026-09-27,18043.592,19121.041,19951.828
2026-09-28,18043.773,19122.63,19950.797
2026-09-29,18053.145,19122.63,19948.965
2026-09-30,18066.285,19122.658,19951.176
2026-10-01,18070.217,19121.475,19951.176
2026-10-02,18070.166,19121.33,19951.176
2026-10-03,18070.166,19120.268,19951.176
2026-10-04,18065.48,19119.996,19950.635
2026-10-05,18065.48,19119.543,19949.016
2026-10-06,18065.48,19119.146,19948.248
2026-10-07,18067.62,19119.988,19949.48
2026-10-08,18065.48,19119.188,19949.48
2026-10-09,18067.531,19119.188,19949.48
2026-10-10,18062.979,19118.387,19948.607
2026-10-11,18063.438,19116.844,19948.607
2026-10-12,18062.959,19108.527,19948.1
2026-10-13,18062.959,19105.457,19949.021
2026-10-14,18062.959,19104.635,19948.824
2026-10-15,18065.818,19099.3,19947.238
2026-10-16,18065.086,19089.918,19946.908
2026-10-17,18062.41,19090.738,19948.656
2026-10-18,18063.312,19090.27,19944.607
2026-10-19,18057.482,19089.521,19942.533
2026-10-20,18057.482,19089.521,19941.838
2026-10-21,18057.482,19090.688,19942.293
2026-10-22,18059.217,19092.02,19947.014
2026-10-23,18059.217,19089.025,19946.992
2026-10-24,18059.217,19089.025,19945.896
2026-10-25,18056.639,19089.025,19944.736
2026-10-26,18060.934,19089.025,19942.64
2026-10-27,18060.934,19090.48,19943.723
2026-10-28,18061.484,19088.723,19942.361
2026-10-29,18061.484,19088.723,19942.05
2026-10-30,18065.352,19090.182,19942.05
2026-10-31,18068.684,19088.396,19943.479
2026-11-01,18068.684,19089.658,19943.479
2026-11-02,18063.389,19094.287,19947.832
2026-11-03,18068.684,19095.309,19949.906
2026-11-04,18068.684,19090.355,19951.787
2026-11-05,18065.838,19090.67,19951.787
2026-11-06,18068.22,19092.69,19948.326
2026-11-07,18068.22,19094.365,19948.326
2026-11-08,18068.22,19095.412,19948.326
2026-11-09,18068.22,19094.082,19948.326
2026-11-10,18068.22,19094.082,19948.326
2026-11-11,18065.082,19096.188,19949.236
2026-11-12,18065.082,19097.434,19949.412
2026-11-13,18064.084,19094.508,19949.488
2026-11-14,18071.188,19092.66,19949.488
2026-11-15,18070.404,19092.645,19948.736
2026-11-16,18070.404,19092.645,19948.736
2026-11-17,18073.01,19092.498,19947.979
2026-11-18,18073.188,19092.627,19948.484
2026-11-19,18068.426,19093.438,19949.28
2026-11-20,18066.36,19091.637,19949.28
2026-11-21,18066.36,19089.87,19950.05
2026-11-22,18066.36,19089.87,19950.05
2026-11-23,18066.36,19089.87,19947.867
2026-11-24,18066.36,19089.951,19947.867
2026-11-25,18066.36,19089.273,19947.012
2026-11-26,18066.246,19089.273,19947.3
2026-11-27,18065.36,19089.273,19945.94
2026-11-28,18066.08,19090.309,19945.94
2026-11-29,18063.672,19092.414,19946.111
2026-11-30,18064.518,19089.553,19945.092
2026-12-01,18064.518,19089.97,19945.092
2026-12-02,18064.518,19091.412,19945.508
2026-12-03,18064.518,19090.885,19945.666
2026-12-04,18064.518,19090.812,19945.666
2026-12-05,18064.518,19091.332,19945.498
2026-12-06,18064.518,19092.682,19945.672
2026-12-07,18061.605,19093.82,19945.672
2026-12-08,18065.832,19093.969,19945.672
2026-12-09,18067.74,19094.37,19949.62
2026-12-10,18064.924,19094.37,19949.62
2026-12-11,18066.379,19094.627,19947.783
2026-12-12,18066.025,19094.19,19947.047
2026-12-13,18066.766,19094.19,19948.393
2026-12-14,18068.58,19093.738,19948.443
2026-12-15,18068.58,19094.023,19948.443
2026-12-16,18068.58,19094.023,19947.523
2026-12-17,18068.58,19094.023,19946.4
2026-12-18,18068.58,19094.023,19946.4
2026-12-19,18068.58,19094.023,19946.975
2026-12-20,18068.58,19093.555,19946.975
2026-12-21,18070.385,19093.555,19946.975
2026-12-22,18070.385,19096.549,19946.137
2026-12-23,18070.385,19095.895,19946.334
2026-12-24,18070.25,19095.004,19946.11
2026-12-25,18069.49,19094.734,19943.072
2026-12-26,18068.975,19094.734,19942.902
2026-12-27,18069.74,19095.535,19949.254
2026-12-28,18069.74,19094.164,19947.533
2026-12-29,18071.047,19094.164,19947.533
2026-12-30,18070.162,19094.996,19947.533
2026-12-31,18071.533,19094.752,19947.533
2027-01-01,18061.842,19089.51,19941.043
2027-01-02,18060.807,19084.799,19938.172
2027-01-03,18058.398,19071.588,19928.936
2027-01-04,18056.504,19072.486,19931.516
2027-01-05,18058.229,19071.686,19927.111
2027-01-06,18050.959,19071.104,19927.916
2027-01-07,18049.03,19071.85,19925.951
2027-01-08,18049.838,19072.742,19930.316
2027-01-09,18048.092,19074.902,19931.857
2027-01-10,18048.092,19073.205,19927.506
2027-01-11,18048.092,19071.363,19928.057
2027-01-12,18051.564,19072.639,19928.01
2027-01-13,18051.564,19073.398,19927.814
2027-01-14,18052.252,19073.398,19927.814
2027-01-15,18052.252,19075.594,19928.938
2027-01-16,18055.488,19079.025,19928.277
2027-01-17,18065.24,19077.73,19928.777
2027-01-18,18064.43,19078.105,19928.414
2027-01-19,18062.717,19081.045,19927.07
2027-01-20,18065.941,19079.096,19927.07
2027-01-21,18063.064,19079.836,19927.363
2027-01-22,18063.064,19079.836,19927.363
2027-01-23,18063.064,19081.357,19928.611
2027-01-24,18063.064,19081.357,19929.299
2027-01-25,18063.2,19078.393,19926.32
2027-01-26,18063.2,19078.393,19926.32
2027-01-27,18063.45,19078.861,19927.008
2027-01-28,18063.45,19079.922,19927.682
2027-01-29,18063.45,19079.875,19928.775
2027-01-30,18063.45,19074.855,19927.426
2027-01-31,18064.076,19074.855,19927.426
2027-02-01,18064.863,19078.85,19929.574
2027-02-02,18064.605,19078.09,19930.078
2027-02-03,18062.662,19076.326,19933.238
2027-02-04,18063.03,19074.232,19930.96
2027-02-05,18066.87,19074.232,19929.055
2027-02-06,18067.1,19074.232,19929.443
2027-02-07,18067.1,19074.232,19930.318
2027-02-08,18062.084,19078.729,19930.438
2027-02-09,18061.09,19078.729,19930.438
2027-02-10,18058.047,19078.729,19930.998
2027-02-11,18058.047,19079.121,19929.467
2027-02-12,18059.434,19080.807,19930.809
2027-02-13,18058.262,19080.992,19929.277
2027-02-14,18058.594,19081.838,19930.863
2027-02-15,18058.594,19078.152,19931.742
2027-02-16,18061.885,19078.152,19932.182
2027-02-17,18058.428,19080.648,19932.182
2027-02-18,18054.275,19078.037,19928.205
2027-02-19,18050.357,19078.037,19927.043
2027-02-20,18044.523,19078.037,19927.043
2027-02-21,18043.64,19078.037,19927.043
2027-02-22,18042.117,19078.037,19930.098
2027-02-23,18042.117,19078.498,19930.098
2027-02-24,18046.035,19080.11,19930.098
2027-02-25,18047.95,19079.592,19926.604
2027-02-26,18046.035,19080.102,19929.865
2027-02-27,18047.95,19079.008,19929.865
2027-02-28,18042.117,19078.045,19929.865
2027-03-01,18046.035,19078.045,19929.865
2027-03-02,18047.95,19078.047,19929.865
2027-03-03,18046.035,19078.98,19929.865
2027-03-04,18048.926,19079.467,19930.938
2027-03-05,18048.059,19078.898,19929.04
2027-03-06,18043.31,19078.898,19929.04
2027-03-07,18048.395,19078.898,19928.79
2027-03-08,18043.77,19078.898,19924.824
2027-03-09,18043.879,19078.898,19925.588
2027-03-10,18043.879,19075.432,19924.318
2027-03-11,18046.148,19076.049,19924.318
2027-03-12,18046.434,19081.93,19924.318
2027-03-13,18045.2,19081.93,19923.68
2027-03-14,18045.2,19082.209,19926.963
2027-03-15,18041.691,19082.209,19925.865
2027-03-16,18045.223,19082.209,19925.953
2027-03-17,18050.904,19082.803,19926.387
2027-03-18,18045.246,19082.732,19931.04
2027-03-19,18046.123,19082.75,19928.059
2027-03-20,18045.418,19081.893,19927.8
2027-03-21,18044.912,19082.996,19928.137
2027-03-22,18044.912,19082.996,19927.57
2027-03-23,18042.34,19083.34,19924.037
2027-03-24,18043.203,19080.95,19923.59
2027-03-25,18043.203,19080.95,19926.426
2027-03-26,18045.457,19079.39,19928.227
2027-03-27,18044.416,19081.744,19930.652
2027-03-28,18044.61,19081.354,19931.828
2027-03-29,18044.61,19080.076,19932.596
2027-03-30,18042.691,19081.775,19934.504
2027-03-31,18046.502,19080.877,19933.27
2027-04-01,18046.002,19082.912,19933.998
2027-04-02,18046.756,19082.912,19935.096
2027-04-03,18044.86,19082.912,19937.057
2027-04-04,18044.61,19080.078,19937.428
2027-04-05,18043.438,19079.865,19934.334
2027-04-06,18043.244,19078.771,19933.158
2027-04-07,18046.307,19076.676,19933.496
2027-04-08,18049.574,19081.504,19933.496
2027-04-09,18050.688,19081.504,19932.701
2027-04-10,18050.688,19083.342,19932.496
2027-04-11,18052.799,19083.342,19932.496
2027-04-12,18051.68,19083.195,19935.137
2027-04-13,18047.623,19083.195,19930.93
2027-04-14,18053.094,19083.195,19934.383
2027-04-15,18067.018,19082.621,19933.21
2027-04-16,18066.213,19085.04,19933.463
2027-04-17,18067.72,19084.533,19934.334
2027-04-18,18066.908,19084.068,19930.434
2027-04-19,18066.498,19084.068,19930.352
2027-04-20,18066.498,19083.79,19930.303
2027-04-21,18066.373,19082.564,19930.303
2027-04-22,18071.863,19081.932,19930.303
2027-04-23,18071.863,19082.9,19929.943
2027-04-24,18059.438,19081.395,19929.943
2027-04-25,18059.438,19079.2,19929.178
2027-04-26,18069.68,19077.023,19929.178
2027-04-27,18068.227,19076.58,19929.178
2027-04-28,18064.242,19076.58,19929.428
2027-04-29,18056.43,19077.148,19929.428
2027-04-30,18057.957,19074.873,19928.793
2027-05-01,18058.223,19076.66,19927.793
2027-05-02,18058.223,19076.66,19927.793
2027-05-03,18056.03,19076.66,19927.793
2027-05-04,18053.176,19076.66,19927.793
2027-05-05,18054.564,19076.66,19927.793
2027-05-06,18054.564,19078.902,19927.793
2027-05-07,18053.193,19077.309,19930.11
2027-05-08,18056.049,19078.133,19929.77
2027-05-09,18063.154,19078.041,19929.734
2027-05-10,18064.445,19076.803,19929.734
2027-05-11,18062.979,19076.803,19927.797
2027-05-12,18065.777,19076.803,19927.797
2027-05-13,18065.023,19076.803,19928.295
2027-05-14,18065.023,19079.174,19928.295
2027-05-15,18065.023,19078.412,19931.807
2027-05-16,18064.629,19078.295,19931.893
2027-05-17,18065.418,19078.295,19932.352
2027-05-18,18065.418,19079.629,19932.06
2027-05-19,18065.418,19079.629,19932.06
2027-05-20,18066.262,19081.836,19932.375
2027-05-21,18059.064,19081.066,19932.576
2027-05-22,18066.436,19080.674,19934.22
2027-05-23,18072.53,19080.674,19934.91
2027-05-24,18076.617,19080.674,19934.91
2027-05-25,18086.814,19080.674,19938.885
2027-05-26,18111.723,19080.674,19948.76
2027-05-27,18122.51,19081.562,19953.139
2027-05-28,18114.895,19081.562,19950.105
2027-05-29,18115.17,19081.562,19950.967
2027-05-30,18107.04,19081.562,19950.967
2027-05-31,18105.984,19081.477,19951.186
2027-06-01,18106.818,19081.477,19950.445
2027-06-02,18106.57,19081.477,19950.076
2027-06-03,18106.57,19083.273,19948.701
2027-06-04,18106.57,19082.0,19946.045
2027-06-05,18106.57,19082.0,19944.889
2027-06-06,18107.32,19082.537,19946.764
2027-06-07,18107.32,19083.16,19946.475
2027-06-08,18107.32,19083.16,19946.475
2027-06-09,18105.621,19083.16,19947.877
2027-06-10,18105.621,19082.107,19946.674
2027-06-11,18106.49,19081.438,19943.719
2027-06-12,18106.328,19081.438,19940.438
2027-06-13,18106.328,19083.326,19943.11
2027-06-14,18106.328,19084.773,19943.11
2027-06-15,18106.172,19084.193,19943.11
2027-06-16,18106.14,19079.697,19944.406
2027-06-17,18106.14,19079.44,19942.121
2027-06-18,18098.375,19079.457,19942.643
2027-06-19,18087.062,19079.537,19946.836
2027-06-20,18087.062,19079.264,19947.418
2027-06-21,18087.062,19079.264,19947.418
2027-06-22,18087.062,19079.264,19947.816
2027-06-23,18089.508,19078.758,19944.855
2027-06-24,18087.898,19080.941,19942.451
2027-06-25,18091.844,19080.941,19940.389
2027-06-26,18090.809,19080.941,19940.389
2027-06-27,18090.809,19081.316,19939.053
2027-06-28,18087.209,19075.234,19940.5
2027-06-29,18086.902,19072.252,19940.5
2027-06-30,18085.814,19070.562,19942.703
2027-07-01,18088.451,19071.58,19938.951
2027-07-02,18084.451,19071.58,19937.492
2027-07-03,18084.451,19071.58,19925.203
2027-07-04,18084.318,19072.746,19923.484
2027-07-05,18085.846,19072.746,19921.99
2027-07-06,18092.229,19078.826,19923.12
2027-07-07,18092.229,19078.693,19925.484
2027-07-08,18092.229,19078.693,19925.484
2027-07-09,18089.814,19078.693,19927.549
2027-07-10,18089.814,19075.494,19923.98
2027-07-11,18088.996,19075.494,19926.941
2027-07-12,18088.158,19073.227,19926.543
2027-07-13,18088.158,19073.227,19926.543
2027-07-14,18088.158,19072.73,19926.238
2027-07-15,18088.158,19074.438,19926.195
2027-07-16,18094.504,19073.742,19929.695
2027-07-17,18089.848,19073.742,19926.223
2027-07-18,18091.332,19076.133,19930.06
2027-07-19,18091.672,19076.402,19926.04
2027-07-20,18091.672,19077.125,19926.04
2027-07-21,18091.672,19075.68,19926.04
2027-07-22,18091.834,19075.68,19926.04
2027-07-23,18088.477,19076.521,19931.074
2027-07-24,18088.533,19076.223,19923.322
2027-07-25,18088.883,19076.223,19928.55
2027-07-26,18088.883,19076.223,19925.627
2027-07-27,18090.053,19076.223,19925.627
2027-07-28,18090.053,19075.703,19927.451
2027-07-29,18090.053,19075.703,19927.451
2027-07-30,18092.328,19075.812,19934.668
2027-07-31,18092.328,19075.812,19933.352
2027-08-01,18098.424,19074.404,19937.252
2027-08-02,18098.424,19075.63,19933.514
2027-08-03,18096.027,19075.361,19932.8
2027-08-04,18094.99,19074.965,19936.822
2027-08-05,18093.791,19075.125,19934.514
2027-08-06,18095.871,19075.125,19939.666
2027-08-07,18095.598,19073.041,19948.984
2027-08-08,18093.514,19071.031,19946.766
2027-08-09,18089.783,19071.031,19947.521
2027-08-10,18091.373,19071.031,19951.406
2027-08-11,18085.28,19070.594,19951.094
2027-08-12,18086.207,19070.145,19951.094
2027-08-13,18086.951,19072.395,19951.016
2027-08-14,18086.58,19071.584,19949.906
2027-08-15,18086.58,19071.584,19949.906
2027-08-16,18086.186,19072.643,19949.906
2027-08-17,18085.186,19072.643,19948.291
2027-08-18,18085.186,19071.422,19948.205
2027-08-19,18079.998,19073.27,19948.205
2027-08-20,18079.998,19068.729,19948.205
2027-08-21,18079.998,19068.729,19949.3
2027-08-22,18082.262,19067.898,19947.205
2027-08-23,18082.262,19067.898,19947.56
2027-08-24,18083.484,19069.287,19947.56
2027-08-25,18083.484,19068.217,19947.56
2027-08-26,18083.924,19068.217,19947.56
2027-08-27,18083.184,19069.809,19948.055
2027-08-28,18082.328,19067.178,19946.174
2027-08-29,18082.328,19069.14,19946.174
2027-08-30,18082.328,19069.14,19947.525
2027-08-31,18082.328,19068.41,19947.191
2027-09-01,18082.328,19070.195,19947.191
2027-09-02,18082.328,19070.25,19947.191
2027-09-03,18082.328,19068.791,19947.502
2027-09-04,18082.385,19068.791,19948.75
2027-09-05,18075.674,19070.549,19949.604
2027-09-06,18065.908,19068.232,19946.72
2027-09-07,18065.908,19068.854,19946.72
2027-09-08,18064.88,19070.006,19946.72
2027-09-09,18061.67,19071.81,19951.58
2027-09-10,18061.67,19070.842,19946.402
2027-09-11,18061.67,19069.887,19947.777
2027-09-12,18066.02,19068.21,19947.996
2027-09-13,18065.176,19068.21,19948.236
2027-09-14,18064.709,19068.21,19948.006
2027-09-15,18065.324,19068.21,19946.383
2027-09-16,18065.324,19066.146,19946.225
2027-09-17,18067.398,19049.332,19947.38
2027-09-18,18064.67,19039.723,19949.424
2027-09-19,18064.67,19027.803,19947.02
2027-09-20,18064.67,19020.607,19945.719
2027-09-21,18061.293,19007.963,19946.422
2027-09-22,18062.33,19001.217,19945.092
2027-09-23,18063.879,18991.422,19945.975
2027-09-24,18062.357,18990.746,19945.494
2027-09-25,18059.352,18990.373,19943.432
2027-09-26,18061.844,18992.693,19946.938
2027-09-27,18060.586,18994.645,19950.193
2027-09-28,18060.768,18995.375,19949.162
2027-09-29,18064.863,18996.775,19949.162
2027-09-30,18065.627,19002.566,19949.541
2027-10-01,18069.559,18995.13,19949.541
2027-10-02,18069.508,18998.646,19949.541
2027-10-03,18068.037,19002.287,19949.541
2027-10-04,18063.352,18997.842,19949.076
2027-10-05,18063.352,19003.371,19947.457
2027-10-06,18063.352,18999.91,19946.613
2027-10-07,18065.768,19000.77,19948.217
2027-10-08,18067.145,18999.328,19948.217
2027-10-09,18067.29,19002.604,19948.217
2027-10-10,18066.252,18998.389,19947.344
2027-10-11,18063.826,18999.307,19947.344
2027-10-12,18063.348,18996.611,19946.76
2027-10-13,18063.348,18999.229,19947.682
2027-10-14,18063.348,18997.7,19947.484
2027-10-15,18066.207,18997.658,19945.898
2027-10-16,18068.99,18997.234,19944.9
2027-10-17,18061.371,18990.469,19946.59
2027-10-18,18060.408,18986.922,19944.139
2027-10-19,18061.719,18977.477,19942.064
2027-10-20,18061.719,18974.674,19941.37
2027-10-21,18057.367,18972.166,19941.824
2027-10-22,18060.531,18971.473,19945.457
2027-10-23,18063.742,18968.01,19945.436
2027-10-24,18062.463,18957.014,19943.934
2027-10-25,18060.6,18956.135,19941.86
2027-10-26,18062.682,18946.918,19942.92
2027-10-27,18062.682,18946.941,19942.92
2027-10-28,18063.836,18947.342,19942.64
2027-10-29,18063.836,18946.357,19942.33
2027-10-30,18062.408,18947.816,19942.33
2027-10-31,18065.455,18946.031,19942.33
2027-11-01,18065.455,18947.293,19942.33
2027-11-02,18065.455,18946.182,19945.674
2027-11-03,18065.455,18941.918,19946.396
2027-11-04,18065.455,18940.826,19948.277
2027-11-05,18063.465,18941.926,19948.277
2027-11-06,18067.05,18941.926,19945.402
2027-11-07,18067.05,18940.43,19945.402
2027-11-08,18067.05,18939.795,19945.402
2027-11-09,18065.828,18938.967,19945.402
2027-11-10,18065.828,18938.967,19945.402
2027-11-11,18062.69,18940.96,19948.484
2027-11-12,18062.69,18940.127,19948.66
2027-11-13,18061.691,18940.127,19948.66
2027-11-14,18070.81,18940.36,19948.66
2027-11-15,18073.37,18942.646,19947.908
2027-11-16,18073.793,18942.646,19947.908
2027-11-17,18075.244,18942.5,19947.15
2027-11-18,18075.422,18942.629,19947.656
2027-11-19,18070.66,18943.969,19948.451
2027-11-20,18058.088,18943.45,19947.742
2027-11-21,18058.088,18942.82,19947.047
2027-11-22,18058.088,18942.82,19948.613
2027-11-23,18058.088,18942.82,19946.43
2027-11-24,18059.713,18942.701,19946.43
2027-11-25,18059.713,18942.023,19945.574
2027-11-26,18061.775,18942.023,19945.863
2027-11-27,18062.428,18942.023,19944.502
2027-11-28,18061.61,18944.307,19942.428
2027-11-29,18059.629,18946.412,19942.6
2027-11-30,18059.39,18946.68,19941.58
2027-12-01,18059.39,18946.154,19941.58
2027-12-02,18059.39,18944.969,19941.996
2027-12-03,18059.436,18942.57,19942.154
2027-12-04,18059.436,18942.498,19942.154
2027-12-05,18059.436,18942.207,19941.986
2027-12-06,18059.436,18943.557,19942.16
2027-12-07,18056.523,18943.557,19942.16
2027-12-08,18059.547,18943.705,19942.16
2027-12-09,18061.455,18947.893,19946.107
2027-12-10,18058.8,18946.139,19948.182
2027-12-11,18061.459,18942.045,19946.346
2027-12-12,18061.387,18936.69,19945.61
2027-12-13,18061.387,18931.22,19946.955
2027-12-14,18063.201,18924.674,19947.006
2027-12-15,18063.201,18925.293,19947.006
2027-12-16,18063.201,18925.293,19946.086
2027-12-17,18063.201,18925.293,19944.963
2027-12-18,18063.201,18925.934,19944.963
2027-12-19,18063.201,18925.934,19945.537
2027-12-20,18063.201,18927.217,19945.537
2027-12-21,18065.006,18926.842,19945.537
2027-12-22,18066.445,18925.717,19944.113
2027-12-23,18066.445,18928.773,19942.236
2027-12-24,18068.238,18926.885,19942.012
2027-12-25,18067.479,18923.979,19938.975
2027-12-26,18066.963,18924.42,19940.879
2027-12-27,18066.963,18925.22,19947.23
2027-12-28,18066.963,18926.566,19945.51
2027-12-29,18067.107,18927.152,19945.51
2027-12-30,18065.264,18926.088,19945.51
2027-12-31,18066.635,18927.527,19945.51
2028-01-01,18059.586,18945.545,19942.59
2028-01-02,18059.36,18941.174,19939.719
2028-01-03,18063.004,18945.59,19940.834
2028-01-04,18061.11,18952.57,19943.566
2028-01-05,18064.033,18944.52,19939.162
2028-01-06,18059.959,18944.52,19939.967
2028-01-07,18063.828,18945.6,19943.773
2028-01-08,18062.709,18946.49,19941.639
2028-01-09,18060.963,18946.021,19941.639
2028-01-10,18061.094,18945.89,19940.521
2028-01-11,18059.523,18945.89,19940.521
2028-01-12,18059.523,18949.756,19940.475
2028-01-13,18059.523,18949.064,19940.28
2028-01-14,18060.21,18949.064,19940.28
2028-01-15,18060.21,18949.064,19941.402
2028-01-16,18060.21,18951.01,19941.293
2028-01-17,18060.21,18951.01,19941.791
2028-01-18,18059.4,18949.934,19941.432
2028-01-19,18058.43,18938.088,19940.086
2028-01-20,18059.592,18937.506,19940.086
2028-01-21,18057.951,18937.506,19940.379
2028-01-22,18057.951,18937.506,19940.379
2028-01-23,18057.951,18946.902,19941.627
2028-01-24,18059.754,18946.902,19941.627
2028-01-25,18059.889,18946.42,19939.336
2028-01-26,18059.889,18946.42,19939.336
2028-01-27,18060.139,18946.42,19939.336
2028-01-28,18060.139,18948.102,19940.01
2028-01-29,18060.139,18948.102,19940.229
2028-01-30,18060.139,18948.102,19938.879
2028-01-31,18060.387,18944.297,19938.879
2028-02-01,18060.387,18944.236,19940.09
2028-02-02,18060.129,18944.297,19940.594
2028-02-03,18058.225,18944.297,19941.107
2028-02-04,18058.232,18944.297,19939.516
2028-02-05,18062.072,18944.297,19940.88
2028-02-06,18062.33,18944.297,19941.27
2028-02-07,18062.33,18944.297,19941.27
2028-02-08,18057.314,18943.86,19941.389
2028-02-09,18056.32,18943.86,19941.389
2028-02-10,18053.277,18943.86,19940.617
2028-02-11,18053.277,18944.252,19940.617
2028-02-12,18054.637,18943.25,19940.428
2028-02-13,18053.824,18943.436,19940.428
2028-02-14,18053.824,18943.436,19941.361
2028-02-15,18053.824,18943.938,19941.361
2028-02-16,18057.115,18943.938,19941.8
2028-02-17,18053.658,18941.791,19941.8
2028-02-18,18053.658,18940.521,19941.336
2028-02-19,18053.658,18940.521,19940.174
2028-02-20,18053.658,18940.521,19940.174
2028-02-21,18050.857,18940.521,19940.174
2028-02-22,18045.414,18942.387,19941.08
2028-02-23,18045.414,18943.984,19941.08
2028-02-24,18045.414,18945.596,19941.08
2028-02-25,18045.414,18945.078,19937.584
2028-02-26,18045.414,18945.588,19931.133
2028-02-27,18045.414,18940.102,19929.48
2028-02-28,18045.414,18942.338,19929.48
2028-02-29,18045.414,18942.338,19929.48
2028-03-01,18045.414,18942.34,19929.48
2028-03-02,18045.414,18943.273,19929.48
2028-03-03,18046.39,18945.635,19930.55
2028-03-04,18045.523,18945.635,19927.414
2028-03-05,18045.523,18945.635,19927.414
2028-03-06,18047.773,18945.635,19927.164
2028-03-07,18047.066,18945.635,19923.2
2028-03-08,18041.344,18945.635,19923.965
2028-03-09,18041.344,18944.486,19922.695
2028-03-10,18047.48,18944.486,19922.695
2028-03-11,18045.848,18948.693,19922.695
2028-03-12,18046.531,18948.693,19922.057
2028-03-13,18046.531,18948.973,19925.338
2028-03-14,18046.941,18948.973,19924.24
2028-03-15,18046.555,18948.973,19924.328
2028-03-16,18049.855,18946.977,19924.762
2028-03-17,18045.246,18947.543,19929.416
2028-03-18,18045.246,18946.21,19926.436
2028-03-19,18045.418,18945.354,19927.8
2028-03-20,18044.912,18946.104,19927.04
2028-03-21,18044.912,18947.986,19927.57
2028-03-22,18042.34,18948.33,19924.037
2028-03-23,18043.203,18947.36,19923.59
2028-03-24,18043.203,18947.36,19926.426
2028-03-25,18045.457,18947.947,19927.129
2028-03-26,18044.416,18950.365,19930.652
2028-03-27,18044.61,18950.365,19931.828
2028-03-28,18044.61,18949.365,19932.596
2028-03-29,18042.691,18948.564,19934.504
2028-03-30,18046.502,18947.824,19933.27
2028-03-31,18046.002,18948.67,19933.998
2028-04-01,18046.756,18948.861,19935.096
2028-04-02,18044.86,18948.861,19937.057
2028-04-03,18044.61,18950.367,19937.428
2028-04-04,18043.438,18950.367,19934.334
2028-04-05,18043.244,18950.367,19933.158
2028-04-06,18046.307,18949.902,19933.496
2028-04-07,18050.75,18949.314,19933.496
2028-04-08,18054.904,18948.785,19932.701
2028-04-09,18054.291,18948.803,19932.496
2028-04-10,18056.402,18948.803,19932.496
2028-04-11,18057.08,18946.541,19935.137
2028-04-12,18061.47,18946.541,19935.295
2028-04-13,18064.33,18946.541,19936.555
2028-04-14,18067.018,18945.61,19933.21
2028-04-15,18066.213,18944.521,19933.463
2028-04-16,18067.72,18945.8,19934.334
2028-04-17,18066.908,18946.67,19930.434
2028-04-18,18066.498,18946.67,19930.352
2028-04-19,18066.498,18946.39,19930.303
2028-04-20,18066.373,18948.975,19929.871
2028-04-21,18071.863,18948.342,19930.303
2028-04-22,18071.863,18949.31,19929.943
2028-04-23,18059.438,18947.893,19929.943
2028-04-24,18059.438,18946.74,19929.178
2028-04-25,18069.68,18943.22,19929.178
2028-04-26,18068.227,18943.307,19929.178
2028-04-27,18064.242,18943.307,19929.428
2028-04-28,18056.43,18943.307,19929.428
2028-04-29,18057.957,18941.031,19928.793
2028-04-30,18058.223,18943.164,19927.793
2028-05-01,18058.223,18943.164,19927.793
2028-05-02,18056.03,18943.164,19927.793
2028-05-03,18053.176,18943.164,19927.793
2028-05-04,18054.564,18943.164,19927.793
2028-05-05,18054.564,18945.598,19927.793
2028-05-06,18053.193,18945.402,19927.793
2028-05-07,18056.049,18944.467,19929.77
2028-05-08,18063.154,18946.135,19929.734
2028-05-09,18064.445,18944.896,19929.734
2028-05-10,18062.979,18943.096,19927.797
2028-05-11,18065.777,18943.096,19927.797
2028-05-12,18065.023,18944.52,19928.295
2028-05-13,18065.023,18944.8,19928.295
2028-05-14,18065.023,18944.8,19931.807
2028-05-15,18064.629,18944.984,19931.893
2028-05-16,18065.418,18944.984,19932.352
2028-05-17,18065.418,18945.621,19932.06
2028-05-18,18065.418,18945.621,19932.06
2028-05-19,18066.262,18945.621,19932.375
2028-05-20,18059.064,18947.846,19932.576
2028-05-21,18066.436,18947.453,19934.22
2028-05-22,18072.53,18947.453,19934.91
2028-05-23,18076.617,18947.453,19934.91
2028-05-24,18086.814,18947.453,19938.885
2028-05-25,18111.723,18947.453,19948.76
2028-05-26,18122.51,18945.709,19953.139
2028-05-27,18114.895,18945.709,19950.105
2028-05-28,18115.17,18945.709,19950.967
2028-05-29,18107.04,18944.984,19950.967
2028-05-30,18105.984,18948.256,19951.186
2028-05-31,18106.818,18948.256,19950.445
2028-06-01,18106.57,18948.256,19950.076
2028-06-02,18106.57,18948.256,19948.701
2028-06-03,18106.57,18946.234,19946.045
2028-06-04,18106.57,18946.234,19944.889
2028-06-05,18107.32,18946.771,19946.764
2028-06-06,18107.32,18950.082,19946.475
2028-06-07,18107.32,18950.082,19946.475
2028-06-08,18105.621,18950.082,19947.877
2028-06-09,18105.621,18949.03,19946.674
2028-06-10,18106.49,18944.516,19943.719
2028-06-11,18106.328,18944.516,19940.438
2028-06-12,18106.328,18948.88,19943.11
2028-06-13,18106.328,18950.328,19943.11
2028-06-14,18106.172,18950.502,19943.11
2028-06-15,18106.14,18949.896,19944.406
2028-06-16,18106.14,18949.639,19942.121
2028-06-17,18098.375,18949.656,19942.643
2028-06-18,18087.062,18949.736,19946.836
2028-06-19,18087.062,18949.463,19947.418
2028-06-20,18087.062,18949.463,19947.418
2028-06-21,18087.062,18949.463,19947.816
2028-06-22,18089.508,18948.957,19944.855
2028-06-23,18087.898,18951.14,19942.451
2028-06-24,18091.844,18949.191,19940.389
2028-06-25,18090.809,18949.191,19940.389
2028-06-26,18090.809,18949.562,19939.053
2028-06-27,18087.209,18947.488,19940.5
2028-06-28,18086.902,18944.506,19940.5
2028-06-29,18085.814,18943.98,19942.703
2028-06-30,18088.451,18945.54,19942.703
2028-07-01,18084.451,18945.54,19937.492
2028-07-02,18084.451,18945.54,19925.203
2028-07-03,18084.318,18946.068,19923.484
2028-07-04,18085.846,18946.068,19921.99
2028-07-05,18092.229,18948.145,19923.12
2028-07-06,18092.229,18947.615,19925.484
2028-07-07,18092.229,18947.191,19925.484
2028-07-08,18089.814,18949.564,19927.549
2028-07-09,18089.814,18946.365,19923.98
2028-07-10,18088.996,18946.365,19926.941
2028-07-11,18088.158,18946.365,19926.543
2028-07-12,18088.158,18946.365,19926.543
2028-07-13,18088.158,18945.195,19926.238
2028-07-14,18088.158,18946.902,19926.195
2028-07-15,18094.504,18946.207,19929.695
2028-07-16,18089.848,18946.207,19926.223
2028-07-17,18091.332,18944.707,19930.06
2028-07-18,18091.672,18944.223,19926.04
2028-07-19,18091.672,18945.36,19926.04
2028-07-20,18091.672,18944.254,19926.04
2028-07-21,18091.834,18944.254,19926.04
2028-07-22,18088.477,18945.096,19931.074
2028-07-23,18088.533,18944.797,19923.322
2028-07-24,18088.883,18944.797,19928.55
2028-07-25,18088.883,18944.797,19925.627
2028-07-26,18090.053,18944.797,19925.627
2028-07-27,18090.053,18945.545,19927.451
2028-07-28,18090.053,18945.545,19927.451
2028-07-29,18092.328,18945.654,19934.668
2028-07-30,18092.328,18945.654,19933.352
2028-07-31,18098.424,18944.246,19937.252
2028-08-01,18098.424,18945.473,19933.514
2028-08-02,18096.027,18942.113,19932.8
2028-08-03,18094.99,18942.842,19936.822
2028-08-04,18093.791,18940.559,19934.514
2028-08-05,18095.871,18940.559,19939.666
2028-08-06,18095.598,18942.303,19948.984
2028-08-07,18093.514,18942.883,19946.766
2028-08-08,18089.783,18942.883,19947.521
2028-08-09,18091.373,18942.883,19951.406
2028-08-10,18085.28,18942.445,19951.094
2028-08-11,18086.207,18941.996,19951.094
2028-08-12,18086.951,18942.965,19951.016
2028-08-13,18086.58,18942.154,19949.906
2028-08-14,18086.58,18942.154,19949.906
2028-08-15,18086.186,18943.213,19949.906
2028-08-16,18085.186,18943.213,19948.291
2028-08-17,18085.186,18941.992,19948.205
2028-08-18,18079.998,18941.76,19948.205
2028-08-19,18079.998,18939.299,19948.205
2028-08-20,18079.998,18939.299,19949.3
2028-08-21,18082.262,18938.469,19947.205
2028-08-22,18082.262,18938.469,19947.56
2028-08-23,18083.484,18943.387,19947.56
2028-08-24,18083.484,18942.316,19947.56
2028-08-25,18083.924,18942.316,19947.56
2028-08-26,18083.184,18942.512,19948.055
2028-08-27,18082.328,18943.35,19946.174
2028-08-28,18082.328,18945.312,19946.174
2028-08-29,18082.328,18945.312,19947.525
2028-08-30,18082.328,18944.582,19947.191
2028-08-31,18082.328,18946.367,19947.191
2028-09-01,18082.328,18946.076,19947.191
2028-09-02,18082.328,18944.617,19947.502
2028-09-03,18082.385,18944.617,19948.75
2028-09-04,18075.674,18946.375,19949.604
2028-09-05,18065.908,18944.059,19946.72
2028-09-06,18065.908,18944.68,19946.72
2028-09-07,18064.88,18945.832,19946.72
2028-09-08,18061.67,18946.72,19951.58
2028-09-09,18061.67,18945.752,19946.402
2028-09-10,18061.67,18944.797,19947.777
2028-09-11,18066.02,18946.445,19947.996
2028-09-12,18065.176,18946.445,19948.236
2028-09-13,18064.709,18946.445,19948.006
2028-09-14,18065.324,18946.445,19946.383
2028-09-15,18065.324,18943.488,19946.225
2028-09-16,18067.398,18949.23,19947.38
2028-09-17,18064.67,18951.088,19949.424
2028-09-18,18064.67,18951.088,19947.02
2028-09-19,18064.67,18951.088,19945.719
2028-09-20,18061.293,18950.506,19946.422
2028-09-21,18062.33,18949.338,19945.092
2028-09-22,18063.879,18950.615,19945.975
2028-09-23,18062.357,18946.627,19945.494
2028-09-24,18059.352,18946.043,19943.432
2028-09-25,18061.844,18946.043,19946.938
2028-09-26,18060.586,18947.652,19950.193
2028-09-27,18060.768,18948.383,19949.162
2028-09-28,18064.863,18948.383,19949.162
2028-09-29,18065.627,18950.041,19949.541
2028-09-30,18065.627,18950.041,19949.541
2028-10-01,18069.508,18949.896,19949.541
2028-10-02,18068.037,18949.207,19949.541
2028-10-03,18063.352,18948.936,19949.076
2028-10-04,18063.352,18949.283,19947.457
2028-10-05,18063.352,18947.592,19946.613
2028-10-06,18065.768,18948.176,19948.217
2028-10-07,18067.145,18952.164,19948.217
2028-10-08,18067.29,18951.635,19948.217
2028-10-09,18066.252,18951.707,19947.344
2028-10-10,18063.826,18952.861,19947.344
2028-10-11,18063.348,18951.951,19946.76
2028-10-12,18063.348,18952.059,19947.682
2028-10-13,18063.348,18950.53,19947.484
2028-10-14,18066.207,18951.299,19945.898
2028-10-15,18068.99,18952.21,19944.9
2028-10-16,18061.371,18952.21,19946.59
2028-10-17,18060.408,18952.21,19944.139
2028-10-18,18061.719,18952.21,19942.064
2028-10-19,18061.719,18952.21,19941.37
2028-10-20,18057.367,18950.96,19941.824
2028-10-21,18060.531,18952.941,19945.457
2028-10-22,18063.742,18952.941,19945.436
2028-10-23,18062.463,18952.941,19943.934
2028-10-24,18060.6,18952.941,19941.86
2028-10-25,18062.682,18952.168,19942.92
2028-10-26,18062.682,18953.623,19942.92
2028-10-27,18063.836,18951.865,19942.64
2028-10-28,18063.836,18950.88,19942.33
2028-10-29,18062.408,18952.34,19942.33
2028-10-30,18065.455,18950.555,19942.33
2028-10-31,18065.455,18951.285,19942.33
2028-11-01,18065.455,18950.705,19945.674
2028-11-02,18065.455,18948.34,19946.396
2028-11-03,18065.455,18947.27,19948.277
2028-11-04,18063.465,18948.37,19948.277
2028-11-05,18067.05,18948.37,19945.402
2028-11-06,18067.05,18946.873,19945.402
2028-11-07,18067.05,18946.473,19945.402
2028-11-08,18065.828,18944.791,19945.402
2028-11-09,18065.828,18944.791,19945.402
2028-11-10,18062.69,18947.305,19948.484
2028-11-11,18062.69,18945.951,19948.66
2028-11-12,18061.691,18945.951,19948.66
2028-11-13,18070.81,18946.703,19948.66
2028-11-14,18073.37,18947.77,19947.908
2028-11-15,18073.793,18947.77,19947.908
2028-11-16,18075.244,18947.623,19947.15
2028-11-17,18075.422,18947.752,19947.656
2028-11-18,18070.66,18948.562,19948.451
2028-11-19,18058.088,18948.043,19947.742
2028-11-20,18058.088,18947.414,19947.047
2028-11-21,18058.088,18947.414,19948.613
2028-11-22,18058.088,18947.414,19946.43
2028-11-23,18059.713,18946.248,19946.43
2028-11-24,18059.713,18945.57,19945.574
2028-11-25,18061.775,18945.58,19945.863
2028-11-26,18062.428,18945.58,19944.502
2028-11-27,18061.61,18948.383,19942.428
2028-11-28,18059.629,18950.488,19942.6
2028-11-29,18059.39,18950.756,19941.58
2028-11-30,18059.39,18949.812,19941.58
2028-12-01,18059.39,18949.045,19941.996
2028-12-02,18059.436,18948.518,19942.154
2028-12-03,18059.436,18948.445,19942.154
2028-12-04,18059.436,18947.635,19941.986
2028-12-05,18059.436,18948.984,19942.16
2028-12-06,18056.523,18948.984,19942.16
2028-12-07,18059.547,18949.133,19942.16
2028-12-08,18061.455,18953.32,19946.107
2028-12-09,18058.8,18951.566,19948.182
2028-12-10,18061.459,18949.465,19946.346
2028-12-11,18061.387,18944.89,19945.61
2028-12-12,18061.387,18944.9,19946.955
2028-12-13,18063.201,18941.672,19947.006
2028-12-14,18063.201,18940.127,19947.006
2028-12-15,18063.201,18940.127,19946.086
2028-12-16,18063.201,18940.127,19944.963
2028-12-17,18063.201,18940.127,19944.963
2028-12-18,18063.201,18940.646,19945.537
2028-12-19,18063.201,18941.486,19945.537
2028-12-20,18065.006,18941.486,19945.537
2028-12-21,18066.445,18942.28,19944.113
2028-12-22,18066.445,18943.379,19942.236
2028-12-23,18068.238,18942.486,19942.012
2028-12-24,18067.479,18940.297,19938.975
2028-12-25,18066.963,18940.297,19940.879
2028-12-26,18066.963,18940.14,19947.23
2028-12-27,18066.963,18941.191,19945.51
2028-12-28,18067.107,18941.191,19945.51
2028-12-29,18065.264,18941.191,19945.51
2028-12-30,18066.635,18939.588,19945.51
2028-12-31,18065.992,18942.385,19945.51
2029-01-01,18059.586,18953.67,19942.59
2029-01-02,18059.36,18950.098,19939.719
2029-01-03,18063.004,18952.467,19940.834
2029-01-04,18061.11,18951.5,19943.566
2029-01-05,18064.033,18950.7,19939.162
2029-01-06,18059.959,18950.7,19939.967
2029-01-07,18063.828,18951.266,19943.773
2029-01-08,18062.709,18952.158,19941.639
2029-01-09,18060.963,18952.744,19941.639
2029-01-10,18061.094,18951.701,19940.521
2029-01-11,18059.523,18951.701,19940.521
2029-01-12,18059.523,18950.342,19940.475
2029-01-13,18059.523,18950.342,19940.28
2029-01-14,18060.21,18950.342,19940.28
2029-01-15,18060.21,18951.223,19941.402
2029-01-16,18060.21,18955.018,19941.293
2029-01-17,18060.21,18955.018,19941.791
2029-01-18,18059.4,18951.291,19941.432
2029-01-19,18058.43,18937.49,19940.086
2029-01-20,18059.592,18936.773,19940.086
2029-01-21,18057.951,18902.365,19940.379
2029-01-22,18057.951,18875.717,19940.379
2029-01-23,18057.951,18853.154,19941.627
2029-01-24,18059.754,18847.357,19941.627
2029-01-25,18059.889,18856.799,19939.336
2029-01-26,18059.889,18856.799,19939.336
2029-01-27,18060.139,18856.799,19939.336
2029-01-28,18060.139,18856.484,19940.01
2029-01-29,18060.139,18852.408,19940.229
2029-01-30,18060.139,18852.66,19938.879
2029-01-31,18060.387,18852.66,19938.879
2029-02-01,18060.387,18852.66,19940.09
2029-02-02,18060.129,18852.746,19940.594
2029-02-03,18058.225,18852.746,19941.107
2029-02-04,18058.232,18852.746,19939.516
2029-02-05,18062.072,18852.746,19940.88
2029-02-06,18062.33,18852.746,19941.27
2029-02-07,18062.33,18852.746,19941.27
2029-02-08,18057.314,18852.309,19941.389
2029-02-09,18056.32,18852.309,19941.389
2029-02-10,18053.277,18861.805,19940.617
2029-02-11,18053.277,18862.197,19940.617
2029-02-12,18054.637,18870.018,19940.428
2029-02-13,18053.824,18871.273,19940.428
2029-02-14,18053.824,18871.273,19941.361
2029-02-15,18053.824,18871.775,19941.361
2029-02-16,18057.115,18871.775,19941.8
2029-02-17,18053.658,18874.53,19941.8
2029-02-18,18053.658,18863.54,19941.336
2029-02-19,18053.658,18861.537,19940.174
2029-02-20,18053.658,18854.91,19940.174
2029-02-21,18050.857,18856.16,19940.174
2029-02-22,18045.414,18857.883,19941.08
2029-02-23,18045.414,18859.48,19941.08
2029-02-24,18045.414,18862.424,19941.08
2029-02-25,18045.414,18867.525,19937.584
2029-02-26,18045.414,18868.035,19931.133
2029-02-27,18045.414,18862.549,19929.48
2029-02-28,18045.414,18864.785,19929.48
2029-03-01,18045.414,18864.785,19929.48
2029-03-02,18045.414,18864.787,19929.48
2029-03-03,18045.414,18865.72,19929.48
2029-03-04,18046.39,18869.771,19930.55
2029-03-05,18045.523,18872.754,19927.414
2029-03-06,18045.523,18871.064,19927.414
2029-03-07,18047.773,18871.064,19927.164
2029-03-08,18047.066,18871.064,19923.2
2029-03-09,18041.344,18871.064,19923.965
2029-03-10,18041.344,18869.916,19922.695
2029-03-11,18047.48,18871.605,19922.695
2029-03-12,18045.848,18872.107,19922.695
2029-03-13,18046.531,18872.107,19922.057
2029-03-14,18046.531,18872.465,19925.338
2029-03-15,18046.941,18872.465,19924.24
2029-03-16,18046.555,18872.465,19924.328
2029-03-17,18049.855,18870.998,19924.762
2029-03-18,18045.246,18871.564,19929.416
2029-03-19,18045.246,18870.703,19926.436
2029-03-20,18045.418,18869.768,19927.8
2029-03-21,18044.912,18870.518,19927.04
2029-03-22,18044.912,18870.693,19927.57
2029-03-23,18042.34,18871.037,19924.037
2029-03-24,18043.203,18870.773,19923.59
2029-03-25,18043.203,18870.773,19926.426
2029-03-26,18045.457,18870.92,19927.129
2029-03-27,18044.416,18872.412,19930.652
2029-03-28,18044.61,18872.412,19931.828
2029-03-29,18044.61,18872.412,19932.596
2029-03-30,18042.691,18870.459,19934.504
2029-03-31,18046.502,18869.857,19933.27
2029-04-01,18046.002,18870.404,19933.998
2029-04-02,18046.756,18870.404,19935.096
2029-04-03,18044.86,18871.7,19937.057
2029-04-04,18044.61,18872.492,19937.428
2029-04-05,18043.438,18872.492,19934.334
2029-04-06,18043.244,18872.492,19933.158
2029-04-07,18046.307,18872.953,19933.496
2029-04-08,18050.75,18872.807,19933.496
2029-04-09,18054.904,18872.807,19932.701
2029-04-10,18054.291,18871.117,19932.496
2029-04-11,18056.402,18871.117,19932.496
2029-04-12,18057.08,18870.63,19935.137
2029-04-13,18061.47,18870.63,19935.295
2029-04-14,18064.33,18870.63,19936.555
2029-04-15,18067.018,18869.162,19933.21
2029-04-16,18066.213,18870.318,19933.463
2029-04-17,18067.72,18871.068,19934.334
2029-04-18,18066.908,18871.938,19930.434
2029-04-19,18066.498,18871.938,19930.352
2029-04-20,18066.498,18871.658,19930.303
2029-04-21,18066.373,18872.742,19929.871
2029-04-22,18071.863,18873.697,19930.303
2029-04-23,18071.863,18870.744,19929.943
2029-04-24,18059.438,18872.383,19929.943
2029-04-25,18059.438,18872.986,19929.178
2029-04-26,18069.68,18867.71,19929.178
2029-04-27,18068.227,18864.287,19929.178
2029-04-28,18064.242,18864.287,19929.428
2029-04-29,18056.43,18864.287,19929.428
2029-04-30,18057.957,18862.01,19928.793
2029-05-01,18058.223,18862.168,19927.793
2029-05-02,18058.223,18864.143,19927.793
2029-05-03,18056.03,18864.143,19927.793
2029-05-04,18053.176,18862.375,19927.793
2029-05-05,18054.564,18862.375,19927.793
2029-05-06,18054.564,18867.07,19927.793
2029-05-07,18053.193,18865.92,19927.793
2029-05-08,18056.049,18862.453,19929.77
2029-05-09,18063.154,18864.121,19929.734
2029-05-10,18064.445,18864.506,19929.734
2029-05-11,18062.979,18862.705,19927.797
2029-05-12,18065.777,18862.705,19927.797
2029-05-13,18065.023,18865.896,19928.295
2029-05-14,18065.023,18871.555,19928.295
2029-05-15,18065.023,18872.77,19931.807
2029-05-16,18064.629,18868.326,19931.893
2029-05-17,18065.418,18868.326,19932.352
2029-05-18,18065.418,18873.186,19932.06
2029-05-19,18065.418,18875.303,19932.06
2029-05-20,18066.262,18877.07,19932.375
2029-05-21,18059.064,18871.854,19932.576
2029-05-22,18066.436,18871.46,19934.22
2029-05-23,18072.53,18871.46,19934.91
2029-05-24,18076.617,18871.46,19934.91
2029-05-25,18086.814,18871.46,19938.885
2029-05-26,18111.723,18871.383,19948.76
2029-05-27,18122.51,18869.639,19953.139
2029-05-28,18114.895,18869.639,19950.105
2029-05-29,18115.17,18869.639,19950.967
2029-05-30,18107.04,18869.639,19950.967
2029-05-31,18105.984,18871.812,19951.186
2029-06-01,18106.818,18871.812,19950.445
2029-06-02,18106.57,18871.812,19950.076
2029-06-03,18106.57,18871.812,19948.701
2029-06-04,18106.57,18869.793,19946.045
2029-06-05,18106.57,18869.793,19944.889
2029-06-06,18107.32,18870.33,19946.764
2029-06-07,18107.32,18873.64,19946.475
2029-06-08,18107.32,18873.64,19946.475
2029-06-09,18105.621,18873.64,19947.877
2029-06-10,18105.621,18872.588,19946.674
2029-06-11,18106.49,18868.072,19943.719
2029-06-12,18106.328,18865.09,19940.438
2029-06-13,18106.328,18873.328,19943.11
2029-06-14,18106.328,18874.643,19943.11
2029-06-15,18106.172,18874.059,19943.11
2029-06-16,18106.14,18871.225,19944.406
2029-06-17,18106.14,18868.52,19942.121
2029-06-18,18098.375,18867.074,19942.643
2029-06-19,18087.062,18864.24,19946.836
2029-06-20,18087.062,18865.734,19947.418
2029-06-21,18087.062,18868.756,19947.418
2029-06-22,18087.062,18872.865,19947.816
2029-06-23,18089.508,18871.457,19944.855
2029-06-24,18087.898,18873.64,19942.451
2029-06-25,18091.844,18873.64,19940.389
2029-06-26,18090.809,18870.066,19940.389
2029-06-27,18090.809,18872.246,19939.053
2029-06-28,18087.209,18874.086,19940.5
2029-06-29,18086.902,18874.086,19940.5
2029-06-30,18085.814,18874.086,19942.703
2029-07-01,18088.451,18877.053,19938.951
2029-07-02,18084.451,18877.053,19937.492
2029-07-03,18084.451,18875.645,19925.203
2029-07-04,18084.318,18875.645,19923.484
2029-07-05,18085.846,18877.053,19921.99
2029-07-06,18092.229,18876.98,19923.12
2029-07-07,18092.229,18876.98,19925.484
2029-07-08,18092.229,18876.98,19925.484
2029-07-09,18089.814,18876.98,19927.549
2029-07-10,18089.814,18873.781,19923.98
2029-07-11,18088.996,18872.27,19926.941
2029-07-12,18088.158,18870.787,19926.543
2029-07-13,18088.158,18873.781,19926.543
2029-07-14,18088.158,18874.115,19926.238
2029-07-15,18088.158,18873.945,19926.195
2029-07-16,18094.504,18873.25,19929.695
2029-07-17,18089.848,18871.738,19926.223
2029-07-18,18091.332,18870.844,19930.06
2029-07-19,18091.672,18870.92,19926.04
2029-07-20,18091.672,18873.623,19926.04
2029-07-21,18091.672,18870.39,19926.04
2029-07-22,18091.834,18871.902,19926.04
2029-07-23,18088.477,18872.744,19931.074
2029-07-24,18088.533,18872.445,19923.322
2029-07-25,18088.883,18872.445,19928.55
2029-07-26,18088.883,18872.445,19925.627
2029-07-27,18090.053,18872.445,19925.627
2029-07-28,18090.053,18873.193,19927.451
2029-07-29,18090.053,18873.193,19927.451
2029-07-30,18092.328,18873.303,19934.668
2029-07-31,18092.328,18873.303,19933.352
2029-08-01,18098.424,18876.684,19937.252
2029-08-02,18098.424,18876.684,19933.514
2029-08-03,18096.027,18870.135,19932.8
2029-08-04,18094.99,18868.785,19936.822
2029-08-05,18093.791,18870.568,19934.514
2029-08-06,18095.871,18870.568,19939.666
2029-08-07,18095.598,18872.312,19948.984
2029-08-08,18093.514,18870.412,19946.766
2029-08-09,18089.783,18870.412,19947.521
2029-08-10,18091.373,18870.412,19951.406
2029-08-11,18085.28,18869.49,19951.094
2029-08-12,18086.207,18869.041,19951.094
2029-08-13,18086.951,18870.01,19951.016
2029-08-14,18086.58,18869.2,19949.906
2029-08-15,18086.58,18869.2,19949.906
2029-08-16,18086.186,18870.258,19949.906
2029-08-17,18085.186,18870.258,19948.291
2029-08-18,18085.186,18870.258,19948.205
2029-08-19,18079.998,18870.025,19948.205
2029-08-20,18079.998,18866.783,19948.205
2029-08-21,18079.998,18863.8,19949.3
2029-08-22,18082.262,18862.97,19947.205
2029-08-23,18082.262,18862.97,19947.56
2029-08-24,18083.484,18866.086,19947.56
2029-08-25,18083.484,18865.5,19947.56
2029-08-26,18083.924,18865.5,19947.56
2029-08-27,18083.184,18865.695,19948.055
2029-08-28,18082.328,18865.19,19946.174
2029-08-29,18082.328,18867.152,19946.174
2029-08-30,18082.328,18866.514,19947.525
2029-08-31,18082.328,18867.55,19947.191
2029-09-01,18082.328,18867.568,19947.191
2029-09-02,18082.328,18867.277,19947.191
2029-09-03,18082.328,18865.818,19947.502
2029-09-04,18082.385,18865.818,19948.75
2029-09-05,18075.674,18869.344,19949.604
2029-09-06,18065.908,18870.01,19946.72
2029-09-07,18065.908,18872.805,19946.72
2029-09-08,18064.88,18872.201,19946.72
2029-09-09,18061.67,18872.086,19951.58
2029-09-10,18061.67,18874.219,19946.402
2029-09-11,18061.67,18872.572,19947.777
2029-09-12,18066.02,18875.56,19947.996
2029-09-13,18065.176,18874.87,19948.236
2029-09-14,18064.709,18874.87,19948.006
2029-09-15,18065.324,18875.56,19946.383
2029-09-16,18065.324,18872.604,19946.225
2029-09-17,18067.398,18874.316,19947.38
2029-09-18,18064.67,18874.432,19949.424
2029-09-19,18064.67,18874.615,19947.02
2029-09-20,18064.67,18874.615,19945.719
2029-09-21,18061.293,18872.105,19946.422
2029-09-22,18062.33,18870.938,19945.092
2029-09-23,18063.879,18870.23,19945.975
2029-09-24,18062.357,18870.23,19945.494
2029-09-25,18059.352,18870.23,19943.432
2029-09-26,18061.844,18870.23,19946.938
2029-09-27,18060.586,18870.477,19950.193
2029-09-28,18060.768,18869.771,19949.162
2029-09-29,18064.863,18869.771,19949.162
2029-09-30,18065.627,18869.771,19949.541
2029-10-01,18069.559,18869.771,19949.541
2029-10-02,18069.508,18863.629,19949.541
2029-10-03,18068.037,18859.021,19949.541
2029-10-04,18063.352,18852.94,19949.076
2029-10-05,18063.352,18852.94,19947.457
2029-10-06,18063.352,18852.69,19946.613
2029-10-07,18065.768,18852.69,19948.217
2029-10-08,18067.145,18852.69,19948.217
2029-10-09,18067.29,18851.742,19948.217
2029-10-10,18066.252,18860.04,19947.344
2029-10-11,18063.826,18861.225,19947.344
2029-10-12,18063.348,18860.314,19946.76
2029-10-13,18063.348,18860.422,19947.682
2029-10-14,18063.348,18861.615,19947.484
2029-10-15,18066.207,18861.404,19945.898
2029-10-16,18068.99,18862.316,19944.9
2029-10-17,18061.371,18868.398,19946.59
2029-10-18,18060.408,18871.38,19944.139
2029-10-19,18061.719,18871.38,19942.064
2029-10-20,18061.719,18871.38,19941.37
2029-10-21,18057.367,18870.566,19941.824
2029-10-22,18060.531,18870.566,19945.457
2029-10-23,18063.742,18870.566,19945.436
2029-10-24,18062.463,18869.99,19943.934
2029-10-25,18060.6,18869.99,19941.86
2029-10-26,18062.682,18869.99,19942.92
2029-10-27,18062.682,18871.445,19942.92
2029-10-28,18063.836,18869.688,19942.64
2029-10-29,18063.836,18869.688,19942.33
2029-10-30,18062.408,18871.146,19942.33
2029-10-31,18065.455,18869.361,19942.33
2029-11-01,18065.455,18869.932,19942.33
2029-11-02,18065.455,18871.967,19945.674
2029-11-03,18065.455,18872.037,19946.396
2029-11-04,18065.455,18869.537,19948.277
2029-11-05,18063.465,18870.637,19948.277
2029-11-06,18067.05,18870.637,19945.402
2029-11-07,18067.05,18868.865,19945.402
2029-11-08,18067.05,18867.98,19945.402
2029-11-09,18065.828,18863.959,19945.402
2029-11-10,18065.828,18863.959,19945.402
2029-11-11,18062.69,18866.734,19948.484
2029-11-12,18062.69,18865.9,19948.66
2029-11-13,18061.691,18865.9,19948.66
2029-11-14,18070.81,18866.133,19948.66
2029-11-15,18073.37,18866.133,19947.908
2029-11-16,18073.793,18865.877,19947.908
2029-11-17,18075.244,18865.73,19947.15
2029-11-18,18075.422,18866.807,19947.656
2029-11-19,18070.66,18867.617,19948.451
2029-11-20,18058.088,18867.098,19947.742
2029-11-21,18058.088,18868.02,19947.047
2029-11-22,18058.088,18868.02,19948.613
2029-11-23,18058.088,18868.02,19946.43
2029-11-24,18059.713,18870.578,19946.43
2029-11-25,18059.713,18874.508,19945.574
2029-11-26,18061.775,18874.508,19945.863
2029-11-27,18062.428,18874.508,19944.502
2029-11-28,18061.61,18871.713,19942.428
2029-11-29,18059.629,18872.5,19942.6
2029-11-30,18059.39,18866.166,19941.58
2029-12-01,18059.39,18859.45,19941.58
2029-12-02,18059.39,18856.6,19941.996
2029-12-03,18059.436,18860.916,19942.154
2029-12-04,18059.436,18860.844,19942.154
2029-12-05,18059.436,18860.553,19941.986
2029-12-06,18059.436,18861.902,19942.16
2029-12-07,18056.523,18861.21,19942.16
2029-12-08,18059.547,18861.104,19942.16
2029-12-09,18061.455,18865.291,19946.107
2029-12-10,18058.8,18869.62,19948.182
2029-12-11,18061.459,18868.244,19946.346
2029-12-12,18061.387,18868.244,19945.61
2029-12-13,18061.387,18868.941,19946.955
2029-12-14,18063.201,18868.871,19947.006
2029-12-15,18063.201,18870.787,19947.006
2029-12-16,18063.201,18870.787,19946.086
2029-12-17,18063.201,18871.043,19944.963
2029-12-18,18063.201,18871.043,19944.963
2029-12-19,18063.201,18871.043,19945.537
2029-12-20,18063.201,18872.326,19945.537
2029-12-21,18065.006,18872.326,19945.537
2029-12-22,18066.445,18870.758,19944.113
2029-12-23,18066.445,18872.818,19942.236
2029-12-24,18068.238,18872.617,19942.012
2029-12-25,18067.479,18869.873,19938.975
2029-12-26,18066.963,18869.873,19940.879
2029-12-27,18066.963,18870.674,19947.23
2029-12-28,18066.963,18871.303,19945.51
2029-12-29,18067.107,18871.303,19945.51
2029-12-30,18065.264,18870.611,19945.51
2029-12-31,18066.635,18869.43,19945.51
2030-01-01,18059.586,18889.744,19942.59
2030-01-02,18059.36,18911.773,19939.719
2030-01-03,18063.004,18938.002,19940.834
2030-01-04,18061.11,18946.959,19943.566
2030-01-05,18064.033,18946.158,19939.162
2030-01-06,18059.959,18946.158,19939.967
2030-01-07,18063.828,18946.725,19943.773
2030-01-08,18062.709,18947.617,19941.639
2030-01-09,18060.963,18951.213,19941.639
2030-01-10,18061.094,18950.682,19940.521
2030-01-11,18059.523,18950.682,19940.521
2030-01-12,18059.523,18950.555,19940.475
2030-01-13,18059.523,18950.555,19940.28
2030-01-14,18060.21,18950.555,19940.28
2030-01-15,18060.21,18951.436,19941.402
2030-01-16,18060.21,18955.23,19941.293
2030-01-17,18060.21,18955.709,19941.791
2030-01-18,18059.4,18948.004,19941.432
2030-01-19,18058.43,18934.203,19940.086
2030-01-20,18059.592,18897.842,19940.086
2030-01-21,18057.951,18865.904,19940.379
2030-01-22,18057.951,18842.133,19940.379
2030-01-23,18057.951,18847.422,19941.627
2030-01-24,18059.754,18847.422,19941.627
2030-01-25,18059.889,18856.863,19939.336
2030-01-26,18059.889,18856.863,19939.336
2030-01-27,18060.139,18853.244,19939.336
2030-01-28,18060.139,18853.465,19940.01
2030-01-29,18060.139,18851.697,19940.229
2030-01-30,18060.139,18851.697,19938.879
2030-01-31,18060.387,18851.697,19938.879
2030-02-01,18060.387,18851.697,19940.09
2030-02-02,18060.129,18851.783,19940.594
2030-02-03,18058.225,18852.059,19941.107
2030-02-04,18058.232,18852.059,19939.516
2030-02-05,18062.072,18852.059,19940.88
2030-02-06,18062.33,18852.059,19941.27
2030-02-07,18062.33,18852.059,19941.27
2030-02-08,18057.314,18851.621,19941.389
2030-02-09,18056.32,18851.621,19941.389
2030-02-10,18053.277,18861.117,19940.617
2030-02-11,18053.277,18861.51,19940.617
2030-02-12,18054.637,18863.248,19940.428
2030-02-13,18053.824,18869.516,19940.428
2030-02-14,18053.824,18870.586,19941.361
2030-02-15,18053.824,18871.088,19941.361
2030-02-16,18057.115,18871.088,19941.8
2030-02-17,18053.658,18873.842,19941.8
2030-02-18,18053.658,18863.809,19941.336
2030-02-19,18053.658,18860.826,19940.174
2030-02-20,18053.658,18855.102,19940.174
2030-02-21,18050.857,18856.352,19940.174
2030-02-22,18045.414,18858.152,19941.08
2030-02-23,18045.414,18859.75,19941.08
2030-02-24,18045.414,18862.693,19941.08
2030-02-25,18045.414,18867.795,19937.584
2030-02-26,18045.414,18868.305,19931.133
2030-02-27,18045.414,18863.889,19929.48
2030-02-28,18045.414,18865.055,19929.48
2030-03-01,18045.414,18865.055,19929.48
2030-03-02,18045.414,18865.057,19929.48
2030-03-03,18045.414,18865.99,19929.48
2030-03-04,18046.39,18870.041,19930.55
2030-03-05,18045.523,18873.023,19927.414
2030-03-06,18045.523,18871.334,19927.414
2030-03-07,18047.773,18871.334,19927.164
2030-03-08,18047.066,18871.334,19923.2
2030-03-09,18041.344,18871.334,19923.965
2030-03-10,18041.344,18871.875,19922.695
2030-03-11,18047.48,18871.875,19922.695
2030-03-12,18045.848,18872.377,19922.695
2030-03-13,18046.531,18872.377,19922.057
2030-03-14,18046.531,18872.656,19925.338
2030-03-15,18046.941,18872.734,19924.24
2030-03-16,18046.555,18872.734,19924.328
2030-03-17,18049.855,18871.268,19924.762
2030-03-18,18045.246,18871.834,19929.416
2030-03-19,18045.246,18870.973,19926.436
2030-03-20,18045.418,18870.037,19927.8
2030-03-21,18044.912,18871.072,19927.04
2030-03-22,18044.912,18871.248,19927.57
2030-03-23,18042.34,18871.592,19924.037
2030-03-24,18043.203,18871.328,19923.59
2030-03-25,18043.203,18871.328,19926.426
2030-03-26,18045.457,18871.475,19927.129
2030-03-27,18044.416,18872.967,19930.652
2030-03-28,18044.61,18872.967,19931.828
2030-03-29,18044.61,18872.967,19932.596
2030-03-30,18042.691,18870.354,19934.504
2030-03-31,18046.502,18870.137,19933.27
2030-04-01,18046.002,18870.139,19933.998
2030-04-02,18046.756,18870.139,19935.096
2030-04-03,18044.86,18871.434,19937.057
2030-04-04,18044.61,18873.047,19937.428
2030-04-05,18043.438,18873.047,19934.334
2030-04-06,18043.244,18873.047,19933.158
2030-04-07,18046.307,18873.508,19933.496
2030-04-08,18050.75,18873.361,19933.496
2030-04-09,18054.904,18873.361,19932.701
2030-04-10,18054.291,18871.672,19932.496
2030-04-11,18056.402,18871.672,19932.496
2030-04-12,18057.08,18871.186,19935.137
2030-04-13,18061.47,18871.186,19935.295
2030-04-14,18064.33,18871.186,19936.555
2030-04-15,18067.018,18869.717,19933.21
2030-04-16,18066.213,18870.873,19933.463
2030-04-17,18067.72,18871.623,19934.334
2030-04-18,18066.908,18872.492,19930.434
2030-04-19,18066.498,18872.492,19930.352
2030-04-20,18066.498,18872.213,19930.303
2030-04-21,18066.373,18873.297,19929.871
2030-04-22,18071.863,18874.252,19930.303
2030-04-23,18071.863,18871.299,19929.943
2030-04-24,18059.438,18872.938,19929.943
2030-04-25,18059.438,18873.541,19929.178
2030-04-26,18069.68,18867.281,19929.178
2030-04-27,18068.227,18863.854,19929.178
2030-04-28,18064.242,18863.854,19929.428
2030-04-29,18056.43,18863.854,19929.428
2030-04-30,18057.957,18861.578,19928.793
2030-05-01,18058.223,18861.736,19927.793
2030-05-02,18058.223,18861.736,19927.793
2030-05-03,18056.03,18861.736,19927.793
2030-05-04,18053.176,18859.969,19927.793
2030-05-05,18054.564,18859.969,19927.793
2030-05-06,18054.564,18865.65,19927.793
2030-05-07,18053.193,18866.475,19927.793
2030-05-08,18056.049,18863.008,19929.77
2030-05-09,18063.154,18864.676,19929.734
2030-05-10,18064.445,18865.06,19929.734
2030-05-11,18062.979,18863.26,19927.797
2030-05-12,18065.777,18863.26,19927.797
2030-05-13,18065.023,18864.684,19928.295
2030-05-14,18065.023,18872.11,19928.295
2030-05-15,18065.023,18873.324,19931.807
2030-05-16,18064.629,18868.88,19931.893
2030-05-17,18065.418,18868.88,19932.352
2030-05-18,18065.418,18873.74,19932.06
2030-05-19,18065.418,18875.857,19932.06
2030-05-20,18066.262,18875.857,19932.375
2030-05-21,18059.064,18872.408,19932.576
2030-05-22,18066.436,18872.016,19934.22
2030-05-23,18072.53,18872.016,19934.91
2030-05-24,18076.617,18872.016,19934.91
2030-05-25,18086.814,18872.016,19938.885
2030-05-26,18111.723,18871.938,19948.76
2030-05-27,18122.51,18870.193,19953.139
2030-05-28,18114.895,18870.193,19950.105
2030-05-29,18115.17,18870.193,19950.967
2030-05-30,18107.04,18870.193,19950.967
2030-05-31,18105.984,18872.367,19951.186
2030-06-01,18106.818,18872.367,19950.445
2030-06-02,18106.57,18872.367,19950.076
2030-06-03,18106.57,18872.367,19948.701
2030-06-04,18106.57,18870.348,19946.045
2030-06-05,18106.57,18870.348,19944.889
2030-06-06,18107.32,18870.885,19946.764
2030-06-07,18107.32,18874.195,19946.475
2030-06-08,18107.32,18874.195,19946.475
2030-06-09,18105.621,18874.195,19947.877
2030-06-10,18105.621,18873.143,19946.674
2030-06-11,18106.49,18868.627,19943.719
2030-06-12,18106.328,18868.627,19940.438
2030-06-13,18106.328,18876.865,19943.11
2030-06-14,18106.328,18875.113,19943.11
2030-06-15,18106.172,18874.53,19943.11
2030-06-16,18106.14,18871.695,19944.406
2030-06-17,18106.14,18868.99,19942.121
2030-06-18,18098.375,18867.545,19942.643
2030-06-19,18087.062,18866.137,19946.836
2030-06-20,18087.062,18869.484,19947.418
2030-06-21,18087.062,18872.467,19947.418
2030-06-22,18087.062,18873.594,19947.816
2030-06-23,18089.508,18871.586,19944.855
2030-06-24,18087.898,18873.77,19942.451
2030-06-25,18091.844,18873.77,19940.389
2030-06-26,18090.809,18873.77,19940.389
2030-06-27,18090.809,18874.143,19939.053
2030-06-28,18087.209,18874.215,19940.5
2030-06-29,18086.902,18876.223,19940.5
2030-06-30,18085.814,18874.215,19942.703
2030-07-01,18088.451,18876.223,19938.951
2030-07-02,18084.451,18876.223,19937.492
2030-07-03,18084.451,18876.223,19925.203
2030-07-04,18084.318,18876.223,19923.484
2030-07-05,18085.846,18876.223,19921.99
2030-07-06,18092.229,18876.15,19923.12
2030-07-07,18092.229,18876.15,19925.484
2030-07-08,18092.229,18876.15,19925.484
2030-07-09,18089.814,18876.15,19927.549
2030-07-10,18089.814,18872.951,19923.98
2030-07-11,18088.996,18871.44,19926.941
2030-07-12,18088.158,18871.44,19926.543
2030-07-13,18088.158,18872.951,19926.543
2030-07-14,18088.158,18875.357,19926.238
2030-07-15,18088.158,18874.145,19926.195
2030-07-16,18094.504,18873.45,19929.695
2030-07-17,18089.848,18870.53,19926.223
2030-07-18,18091.332,18871.043,19930.06
2030-07-19,18091.672,18871.238,19926.04
2030-07-20,18091.672,18876.607,19926.04
2030-07-21,18091.672,18872.457,19926.04
2030-07-22,18091.834,18872.457,19926.04
2030-07-23,18088.477,18873.299,19931.074
2030-07-24,18088.533,18873.0,19923.322
2030-07-25,18088.883,18873.0,19928.55
2030-07-26,18088.883,18873.0,19925.627
2030-07-27,18090.053,18873.0,19925.627
2030-07-28,18090.053,18873.748,19927.451
2030-07-29,18090.053,18873.748,19927.451
2030-07-30,18092.328,18873.857,19934.668
2030-07-31,18092.328,18873.857,19933.352
2030-08-01,18098.424,18877.238,19937.252
2030-08-02,18098.424,18877.238,19933.514
2030-08-03,18096.027,18870.69,19932.8
2030-08-04,18094.99,18869.34,19936.822
2030-08-05,18093.791,18870.854,19934.514
2030-08-06,18095.871,18870.854,19939.666
2030-08-07,18095.598,18872.598,19948.984
2030-08-08,18093.514,18870.697,19946.766
2030-08-09,18089.783,18870.697,19947.521
2030-08-10,18091.373,18870.697,19951.406
2030-08-11,18085.28,18869.775,19951.094
2030-08-12,18086.207,18869.326,19951.094
2030-08-13,18086.951,18870.295,19951.016
2030-08-14,18086.58,18869.484,19949.906
2030-08-15,18086.58,18869.484,19949.906
2030-08-16,18086.186,18870.543,19949.906
2030-08-17,18085.186,18870.543,19948.291
2030-08-18,18085.186,18870.543,19948.205
2030-08-19,18079.998,18870.31,19948.205
2030-08-20,18079.998,18867.068,19948.205
2030-08-21,18079.998,18864.086,19949.3
2030-08-22,18082.262,18863.256,19947.205
2030-08-23,18082.262,18863.256,19947.56
2030-08-24,18083.484,18866.371,19947.56
2030-08-25,18083.484,18866.19,19947.56
2030-08-26,18083.924,18868.053,19947.56
2030-08-27,18083.184,18868.248,19948.055
2030-08-28,18082.328,18867.47,19946.174
2030-08-29,18082.328,18864.488,19946.174
2030-08-30,18082.328,18863.85,19947.525
2030-08-31,18082.328,18864.887,19947.191
2030-09-01,18082.328,18866.672,19947.191
2030-09-02,18082.328,18866.38,19947.191
2030-09-03,18082.328,18863.41,19947.502
2030-09-04,18082.385,18864.922,19948.75
2030-09-05,18075.674,18864.912,19949.604
2030-09-06,18065.908,18862.596,19946.72
2030-09-07,18065.908,18868.34,19946.72
2030-09-08,18064.88,18872.486,19946.72
2030-09-09,18061.67,18872.371,19951.58
2030-09-10,18061.67,18873.557,19946.402
2030-09-11,18061.67,18872.602,19947.777
2030-09-12,18066.02,18874.898,19947.996
2030-09-13,18065.176,18874.898,19948.236
2030-09-14,18064.709,18875.846,19948.006
2030-09-15,18065.324,18875.846,19946.383
2030-09-16,18065.324,18872.889,19946.225
2030-09-17,18067.398,18874.602,19947.38
2030-09-18,18064.67,18874.717,19949.424
2030-09-19,18064.67,18874.9,19947.02
2030-09-20,18064.67,18874.9,19945.719
2030-09-21,18061.293,18872.39,19946.422
2030-09-22,18062.33,18871.223,19945.092
2030-09-23,18063.879,18870.516,19945.975
2030-09-24,18062.357,18870.516,19945.494
2030-09-25,18059.352,18870.516,19943.432
2030-09-26,18061.844,18870.516,19946.938
2030-09-27,18060.586,18870.611,19950.193
2030-09-28,18060.768,18869.906,19949.162
2030-09-29,18064.863,18869.906,19949.162
2030-09-30,18065.627,18869.906,19949.541
2030-10-01,18069.559,18869.906,19949.541
2030-10-02,18069.508,18863.764,19949.541
2030-10-03,18068.037,18859.156,19949.541
2030-10-04,18063.352,18853.074,19949.076
2030-10-05,18063.352,18853.074,19947.457
2030-10-06,18063.352,18853.074,19946.613
2030-10-07,18065.768,18853.074,19948.217
2030-10-08,18067.145,18853.766,19948.217
2030-10-09,18067.29,18852.818,19948.217
2030-10-10,18066.252,18861.115,19947.344
2030-10-11,18063.826,18862.3,19947.344
2030-10-12,18063.348,18867.473,19946.76
2030-10-13,18063.348,18867.295,19947.682
2030-10-14,18063.348,18868.488,19947.484
2030-10-15,18066.207,18869.348,19945.898
2030-10-16,18068.99,18870.26,19944.9
2030-10-17,18061.371,18872.172,19946.59
2030-10-18,18060.408,18872.172,19944.139
2030-10-19,18061.719,18873.12,19942.064
2030-10-20,18061.719,18873.12,19941.37
2030-10-21,18057.367,18872.305,19941.824
2030-10-22,18060.531,18872.305,19945.457
2030-10-23,18063.742,18872.305,19945.436
2030-10-24,18062.463,18870.781,19943.934
2030-10-25,18060.6,18870.781,19941.86
2030-10-26,18062.682,18870.781,19942.92
2030-10-27,18062.682,18872.236,19942.92
2030-10-28,18063.836,18870.479,19942.64
2030-10-29,18063.836,18870.479,19942.33
2030-10-30,18062.408,18871.938,19942.33
2030-10-31,18065.455,18870.152,19942.33
2030-11-01,18065.455,18870.723,19942.33
2030-11-02,18065.455,18872.758,19945.674
2030-11-03,18065.455,18872.828,19946.396
2030-11-04,18065.455,18872.596,19948.277
2030-11-05,18063.465,18872.596,19948.277
2030-11-06,18067.05,18870.732,19945.402
2030-11-07,18067.05,18868.96,19945.402
2030-11-08,18067.05,18868.771,19945.402
2030-11-09,18065.828,18867.732,19945.402
2030-11-10,18065.828,18864.75,19945.402
2030-11-11,18062.69,18867.525,19948.484
2030-11-12,18062.69,18866.691,19948.66
2030-11-13,18061.691,18866.691,19948.66
2030-11-14,18070.81,18866.924,19948.66
2030-11-15,18073.37,18867.615,19947.908
2030-11-16,18073.793,18867.615,19947.908
2030-11-17,18075.244,18866.521,19947.15
2030-11-18,18075.422,18867.598,19947.656
2030-11-19,18070.66,18868.408,19948.451
2030-11-20,18058.088,18870.871,19947.742
2030-11-21,18058.088,18871.793,19947.047
2030-11-22,18058.088,18871.793,19948.613
2030-11-23,18058.088,18871.793,19946.43
2030-11-24,18059.713,18875.299,19946.43
2030-11-25,18059.713,18875.299,19945.574
2030-11-26,18061.775,18875.299,19945.863
2030-11-27,18062.428,18875.299,19944.502
2030-11-28,18061.61,18872.773,19942.428
2030-11-29,18059.629,18873.56,19942.6
2030-11-30,18059.39,18867.918,19941.58
2030-12-01,18059.39,18860.51,19941.58
2030-12-02,18059.39,18857.66,19941.996
2030-12-03,18059.436,18861.977,19942.154
2030-12-04,18059.436,18861.904,19942.154
2030-12-05,18059.436,18861.613,19941.986
2030-12-06,18059.436,18862.963,19942.16
2030-12-07,18056.523,18868.354,19942.16
2030-12-08,18059.547,18871.229,19942.16
2030-12-09,18061.455,18875.416,19946.107
2030-12-10,18058.8,18873.662,19948.182
2030-12-11,18061.459,18869.035,19946.346
2030-12-12,18061.387,18869.035,19945.61
2030-12-13,18061.387,18869.732,19946.955
2030-12-14,18063.201,18869.918,19947.006
2030-12-15,18063.201,18871.834,19947.006
2030-12-16,18063.201,18871.834,19946.086
2030-12-17,18063.201,18871.834,19944.963
2030-12-18,18063.201,18871.834,19944.963
2030-12-19,18063.201,18871.834,19945.537
2030-12-20,18063.201,18873.809,19945.537
2030-12-21,18065.006,18873.809,19945.537
2030-12-22,18066.445,18872.24,19944.113
2030-12-23,18066.445,18874.3,19942.236
2030-12-24,18068.238,18873.408,19942.012
2030-12-25,18067.479,18870.664,19938.975
2030-12-26,18066.963,18870.664,19940.879
2030-12-27,18066.963,18871.465,19947.23
2030-12-28,18066.963,18872.094,19945.51
2030-12-29,18067.107,18872.094,19945.51
2030-12-30,18065.264,18871.402,19945.51
2030-12-31,18066.635,18870.22,19945.51
