,Congo Cobalt,Auric Cobalt,Northern Cobalt Corporation
2026-06-01,2701.7456,2683.9785,3077.3977
2026-06-02,2701.7456,2681.8657,3074.3828
2026-06-03,2701.7456,2680.3462,3069.8645
2026-06-04,2701.7456,2678.2036,3066.189
2026-06-05,2701.7456,2678.019,3066.5703
2026-06-06,2701.222,2677.5483,3066.5703
2026-06-07,2701.0786,2677.2935,3066.5703
2026-06-08,2700.6333,2677.1248,3066.5703
2026-06-09,2700.5222,2677.1248,3066.5703
2026-06-10,2700.5222,2677.1248,3068.0122
2026-06-11,2700.839,2677.061,3069.5354
2026-06-12,2700.3289,2677.5977,3069.5144
2026-06-13,2700.3289,2677.5977,3068.8538
2026-06-14,2700.3289,2677.5977,3068.7083
2026-06-15,2699.7908,2677.5977,3068.7083
2026-06-16,2698.6748,2677.5977,3068.6028
2026-06-17,2695.4387,2677.5977,3068.6028
2026-06-18,2689.7664,2677.3142,3068.9058
2026-06-19,2686.2332,2677.3142,3068.9058
2026-06-20,2680.3774,2677.3142,3069.269
2026-06-21,2680.3774,2677.3142,3069.9333
2026-06-22,2680.106,2677.3142,3068.1973
2026-06-23,2680.106,2677.3142,3068.1973
2026-06-24,2680.0732,2677.6086,3070.877
2026-06-25,2679.6646,2677.3142,3069.1409
2026-06-26,2679.6646,2677.6086,3070.877
2026-06-27,2679.6646,2677.6086,3069.1409
2026-06-28,2680.4482,2677.7861,3070.877
2026-06-29,2680.1763,2677.8171,3070.2415
2026-06-30,2680.1763,2677.4182,3070.2415
2026-07-01,2682.3425,2678.366,3069.2585
2026-07-02,2682.3425,2679.5527,3070.3328
2026-07-03,2682.841,2680.2637,3069.933
2026-07-04,2682.841,2680.2637,3070.916
2026-07-05,2682.841,2680.2637,3070.6028
2026-07-06,2682.841,2680.2637,3070.5022
2026-07-07,2682.841,2680.2637,3070.5022
2026-07-08,2682.841,2680.2637,3070.5022
2026-07-09,2682.841,2680.2637,3070.5022
2026-07-10,2682.841,2679.6438,3070.4053
2026-07-11,2682.841,2679.6438,3069.4224
2026-07-12,2682.841,2679.6438,3070.4053
2026-07-13,2682.841,2679.6438,3070.4053
2026-07-14,2682.841,2679.6438,3070.4053
2026-07-15,2682.841,2679.6438,3071.2522
2026-07-16,2682.7246,2679.6438,3071.2522
2026-07-17,2682.7246,2679.5042,3071.2522
2026-07-18,2682.7246,2679.5042,3071.2522
2026-07-19,2682.7246,2679.5042,3071.2522
2026-07-20,2682.7246,2679.5042,3071.2522
2026-07-21,2682.7246,2679.5042,3071.2522
2026-07-22,2682.7246,2679.5042,3070.2693
2026-07-23,2682.7246,2679.5042,3071.931
2026-07-24,2683.9016,2679.5042,3071.931
2026-07-25,2683.9016,2679.5042,3071.931
2026-07-26,2684.4902,2679.8105,3072.9363
2026-07-27,2684.4902,2680.141,3076.6118
2026-07-28,2684.5793,2680.141,3081.1135
2026-07-29,2684.5793,2680.141,3084.0212
2026-07-30,2684.5793,2680.141,3085.8997
2026-07-31,2684.5793,2680.141,3089.9275
2026-08-01,2684.5793,2679.8398,3091.5066
2026-08-02,2684.5793,2679.8398,3091.5066
2026-08-03,2684.5793,2679.9795,3091.5066
2026-08-04,2684.5793,2679.9795,3091.5066
2026-08-05,2685.4705,2680.0571,3091.5066
2026-08-06,2685.4705,2680.0571,3091.2805
2026-08-07,2685.4705,2680.0571,3091.2805
2026-08-08,2685.4705,2679.9175,3091.268
2026-08-09,2685.4705,2679.9175,3091.7534
2026-08-10,2685.4705,2680.0571,3091.832
2026-08-11,2685.4705,2680.0571,3091.832
2026-08-12,2685.4705,2680.0571,3091.9683
2026-08-13,2685.4705,2680.0571,3091.9683
2026-08-14,2685.4705,2679.9556,3091.9683
2026-08-15,2685.4705,2680.0571,3091.9683
2026-08-16,2685.4705,2680.0571,3091.9683
2026-08-17,2685.4705,2680.0571,3091.9683
2026-08-18,2685.4705,2680.0571,3092.7307
2026-08-19,2685.4705,2679.9556,3092.7307
2026-08-20,2685.4705,2679.9556,3093.2239
2026-08-21,2685.4705,2679.9556,3092.7307
2026-08-22,2685.4705,2679.9556,3092.7307
2026-08-23,2685.4705,2680.0571,3093.0027
2026-08-24,2685.4705,2680.0571,3093.0027
2026-08-25,2685.4705,2679.9556,3093.0027
2026-08-26,2685.4705,2679.9556,3092.7307
2026-08-27,2685.4705,2679.9556,3092.7307
2026-08-28,2685.4705,2679.9556,3092.7307
2026-08-29,2685.7288,2679.9556,3093.418
2026-08-30,2685.7288,2679.9556,3095.408
2026-08-31,2686.594,2679.9556,3098.3782
2026-09-01,2686.9148,2679.9556,3103.6365
2026-09-02,2686.9148,2679.9766,3105.5325
2026-09-03,2686.9148,2679.9766,3108.785
2026-09-04,2686.9148,2679.9766,3110.0352
2026-09-05,2686.9148,2679.9766,3112.389
2026-09-06,2686.594,2682.13,3112.6196
2026-09-07,2686.594,2684.7698,3112.6196
2026-09-08,2686.594,2684.1357,3113.0247
2026-09-09,2686.9148,2684.1357,3113.0247
2026-09-10,2686.9148,2684.4934,3113.0247
2026-09-11,2686.9148,2684.3506,3113.0981
2026-09-12,2686.9148,2684.1887,3112.9062
2026-09-13,2688.2397,2684.1887,3112.9062
2026-09-14,2691.9485,2684.0845,3113.2742
2026-09-15,2692.678,2684.0845,3112.9375
2026-09-16,2696.8743,2684.0845,3112.722
2026-09-17,2703.5627,2684.0845,3112.397
2026-09-18,2706.7988,2684.0845,3112.1814
2026-09-19,2709.222,2684.0845,3112.0356
2026-09-20,2715.0623,2684.0845,3112.0356
2026-09-21,2718.6475,2684.0845,3112.0356
2026-09-22,2721.204,2684.0845,3112.0356
2026-09-23,2723.4714,2684.0083,3112.0356
2026-09-24,2724.7407,2684.0083,3112.0356
2026-09-25,2727.154,2684.0056,3111.692
2026-09-26,2727.154,2683.84,3111.5461
2026-09-27,2727.2434,2683.84,3113.0544
2026-09-28,2727.2434,2683.84,3113.1755
2026-09-29,2726.7683,2683.6868,3111.8726
2026-09-30,2726.7683,2684.2034,3111.8726
2026-10-01,2726.4553,2684.2034,3111.8726
2026-10-02,2726.4553,2683.6868,3111.8726
2026-10-03,2726.4553,2684.001,3112.564
2026-10-04,2727.3225,2684.1543,3113.867
2026-10-05,2727.2332,2684.1543,3118.6853
2026-10-06,2727.2332,2684.1543,3120.4104
2026-10-07,2726.5933,2684.1543,3120.2886
2026-10-08,2727.2124,2684.1543,3120.302
2026-10-09,2727.2124,2684.1543,3120.302
2026-10-10,2727.2124,2684.1543,3120.0864
2026-10-11,2727.2124,2684.1543,3119.786
2026-10-12,2727.2124,2684.1543,3119.9316
2026-10-13,2727.2124,2684.1543,3119.786
2026-10-14,2726.8337,2684.1543,3119.786
2026-10-15,2726.8337,2684.1543,3119.786
2026-10-16,2726.152,2684.3198,3119.786
2026-10-17,2726.5508,2684.3198,3119.1206
2026-10-18,2726.7227,2684.1543,3120.2683
2026-10-19,2726.6924,2683.5144,3119.7546
2026-10-20,2725.8994,2683.962,3119.9465
2026-10-21,2726.2654,2684.3162,3119.9465
2026-10-22,2726.2654,2684.459,3119.9465
2026-10-23,2726.2654,2684.6245,3119.9465
2026-10-24,2726.2654,2684.6245,3119.9465
2026-10-25,2726.2654,2684.6245,3119.9465
2026-10-26,2726.2654,2684.6245,3119.9465
2026-10-27,2726.2654,2684.459,3119.9465
2026-10-28,2726.2654,2684.459,3119.9465
2026-10-29,2726.2654,2684.459,3119.9465
2026-10-30,2726.2654,2685.0732,3119.9465
2026-10-31,2726.2654,2685.0732,3119.9465
2026-11-01,2726.2654,2685.0732,3119.9465
2026-11-02,2726.2654,2684.6245,3119.9465
2026-11-03,2726.007,2684.6245,3119.9465
2026-11-04,2726.007,2684.6658,3119.9465
2026-11-05,2726.007,2685.1145,3119.9465
2026-11-06,2726.007,2685.1145,3119.9465
2026-11-07,2726.007,2685.1145,3119.9465
2026-11-08,2726.007,2685.1145,3119.718
2026-11-09,2726.007,2685.1145,3119.9465
2026-11-10,2726.007,2685.1145,3119.718
2026-11-11,2726.007,2685.1145,3119.718
2026-11-12,2726.007,2685.1145,3119.718
2026-11-13,2726.007,2685.1145,3119.718
2026-11-14,2726.007,2685.4922,3119.718
2026-11-15,2726.007,2687.6,3119.718
2026-11-16,2726.007,2689.5283,3119.718
2026-11-17,2726.007,2690.7957,3119.718
2026-11-18,2725.7417,2691.0447,3119.718
2026-11-19,2725.7417,2691.0447,3119.718
2026-11-20,2725.7417,2692.2087,3120.403
2026-11-21,2725.7417,2694.1372,3120.403
2026-11-22,2725.7417,2694.6382,3120.403
2026-11-23,2725.7417,2696.392,3119.6816
2026-11-24,2725.7417,2696.8394,3119.6816
2026-11-25,2725.7417,2696.8394,3119.7324
2026-11-26,2725.7417,2698.3086,3119.7324
2026-11-27,2725.7417,2728.062,3119.7324
2026-11-28,2725.7417,2731.2656,3119.7324
2026-11-29,2725.7417,2733.9458,3119.7324
2026-11-30,2725.7417,2736.3438,3121.6404
2026-12-01,2725.7417,2739.9695,3122.1626
2026-12-02,2725.7417,2744.3728,3122.6208
2026-12-03,2725.7417,2746.634,3122.6208
2026-12-04,2725.7417,2746.4463,3122.6208
2026-12-05,2725.7417,2746.941,3122.6208
2026-12-06,2725.7417,2746.941,3122.6208
2026-12-07,2725.7417,2746.941,3122.6208
2026-12-08,2725.7417,2746.581,3122.6208
2026-12-09,2725.7417,2746.6372,3122.6208
2026-12-10,2725.7417,2746.6372,3122.6208
2026-12-11,2725.7417,2747.0789,3122.6208
2026-12-12,2725.7417,2747.0789,3122.6208
2026-12-13,2725.7417,2746.254,3122.6208
2026-12-14,2725.7417,2746.0493,3122.6208
2026-12-15,2725.7417,2746.117,3122.6208
2026-12-16,2725.7417,2746.022,3122.6208
2026-12-17,2725.7417,2745.6282,3122.6208
2026-12-18,2725.3098,2745.6282,3122.6208
2026-12-19,2725.3098,2745.511,3122.6208
2026-12-20,2728.123,2745.283,3122.6208
2026-12-21,2732.3396,2745.5474,3122.6208
2026-12-22,2735.4785,2746.061,3122.8398
2026-12-23,2741.2346,2746.334,3122.9192
2026-12-24,2740.37,2746.334,3122.9192
2026-12-25,2740.37,2745.4465,3121.7788
2026-12-26,2740.6323,2746.4395,3121.663
2026-12-27,2740.6323,2746.182,3122.9136
2026-12-28,2741.3518,2746.182,3122.9136
2026-12-29,2741.3518,2746.182,3123.9146
2026-12-30,2741.3518,2746.182,3126.5437
2026-12-31,2741.3518,2745.3657,3123.7122
2027-01-01,2740.6907,2744.1257,3122.1936
2027-01-02,2740.5315,2744.1257,3121.879
2027-01-03,2740.5315,2744.1257,3121.5679
2027-01-04,2740.5315,2744.1257,3121.5679
2027-01-05,2740.5315,2744.1257,3121.5679
2027-01-06,2741.747,2743.6438,3119.8904
2027-01-07,2741.747,2745.4116,3119.7395
2027-01-08,2741.6697,2747.309,3120.224
2027-01-09,2741.6697,2749.6445,3120.1448
2027-01-10,2741.6697,2752.0442,3120.1448
2027-01-11,2741.6697,2754.1367,3120.7734
2027-01-12,2740.4207,2755.1448,3122.4893
2027-01-13,2740.4207,2755.262,3122.4893
2027-01-14,2740.4207,2755.262,3122.4893
2027-01-15,2740.4207,2755.262,3122.4893
2027-01-16,2740.4207,2755.262,3122.4893
2027-01-17,2740.4207,2755.262,3122.7847
2027-01-18,2740.4207,2755.262,3122.7847
2027-01-19,2740.4207,2755.262,3122.7847
2027-01-20,2740.4207,2755.262,3122.7847
2027-01-21,2740.4207,2755.262,3122.7847
2027-01-22,2741.0957,2755.262,3122.7847
2027-01-23,2741.0957,2755.262,3122.7847
2027-01-24,2741.0957,2755.262,3122.7847
2027-01-25,2741.0957,2755.262,3122.7847
2027-01-26,2741.0957,2755.262,3122.7847
2027-01-27,2740.4207,2755.262,3122.7847
2027-01-28,2740.4207,2755.262,3122.7847
2027-01-29,2740.4207,2755.262,3122.7847
2027-01-30,2740.4207,2755.262,3123.4053
2027-01-31,2740.4207,2755.262,3123.1968
2027-02-01,2740.4207,2755.262,3123.1968
2027-02-02,2740.4207,2755.262,3123.1968
2027-02-03,2740.4207,2755.262,3123.1968
2027-02-04,2740.4207,2755.2146,3123.1968
2027-02-05,2740.4207,2755.2146,3123.1968
2027-02-06,2740.4207,2755.2146,3121.2493
2027-02-07,2740.4207,2755.2146,3122.6055
2027-02-08,2740.4207,2755.2146,3123.0757
2027-02-09,2740.4207,2755.2146,3123.3904
2027-02-10,2739.4702,2755.2146,3123.3904
2027-02-11,2740.1748,2755.2146,3123.3904
2027-02-12,2740.1748,2755.2146,3123.3904
2027-02-13,2740.8499,2755.2146,3122.9546
2027-02-14,2740.518,2755.2146,3122.9546
2027-02-15,2739.843,2755.1487,3123.3904
2027-02-16,2739.843,2755.1487,3123.3904
2027-02-17,2740.518,2755.1487,3122.9546
2027-02-18,2740.518,2755.1487,3122.3193
2027-02-19,2740.518,2755.1487,3122.0046
2027-02-20,2740.1465,2755.1985,3122.0046
2027-02-21,2740.1465,2755.1985,3122.0088
2027-02-22,2740.1465,2755.1985,3122.0088
2027-02-23,2740.1465,2755.1985,3122.0088
2027-02-24,2740.1465,2755.1985,3122.0088
2027-02-25,2740.1465,2755.1985,3122.0088
2027-02-26,2740.1465,2755.1985,3122.0088
2027-02-27,2740.1465,2754.84,3122.0088
2027-02-28,2740.1465,2754.419,3121.7842
2027-03-01,2740.1465,2754.419,3121.7842
2027-03-02,2740.1465,2754.419,3121.9946
2027-03-03,2740.1465,2754.419,3121.7842
2027-03-04,2740.1465,2754.7446,3121.7842
2027-03-05,2740.1465,2754.7446,3121.7842
2027-03-06,2740.1465,2754.7446,3121.9946
2027-03-07,2739.4048,2754.7446,3121.9946
2027-03-08,2739.4048,2754.7446,3121.9946
2027-03-09,2739.4048,2754.7446,3121.9946
2027-03-10,2739.4048,2755.0747,3121.9946
2027-03-11,2739.4048,2754.1423,3121.9946
2027-03-12,2739.4048,2753.4119,3121.9946
2027-03-13,2739.0178,2753.4119,3121.9946
2027-03-14,2739.0178,2753.6587,3121.9946
2027-03-15,2739.0178,2754.2427,3121.9946
2027-03-16,2739.0178,2754.0942,3121.9946
2027-03-17,2737.9792,2754.1667,3121.9946
2027-03-18,2740.7021,2754.7126,3121.6453
2027-03-19,2740.7021,2754.7126,3121.6453
2027-03-20,2740.7021,2755.296,3121.6453
2027-03-21,2740.7021,2755.296,3121.6453
2027-03-22,2740.7021,2755.296,3121.4348
2027-03-23,2740.7021,2754.4968,3120.449
2027-03-24,2741.5151,2754.4968,3118.8342
2027-03-25,2740.4646,2754.4968,3118.4038
2027-03-26,2740.2163,2754.4968,3118.243
2027-03-27,2739.934,2754.4968,3118.023
2027-03-28,2741.148,2754.4158,3118.023
2027-03-29,2740.7666,2754.4158,3118.326
2027-03-30,2740.7666,2754.4158,3118.326
2027-03-31,2740.7666,2754.4158,3117.385
2027-04-01,2740.2368,2754.4158,3117.7175
2027-04-02,2740.2368,2754.4158,3117.7175
2027-04-03,2740.2368,2754.4158,3117.624
2027-04-04,2740.2368,2754.4158,3118.1868
2027-04-05,2740.9631,2754.4158,3117.8838
2027-04-06,2739.7302,2754.4968,3117.8838
2027-04-07,2739.7302,2753.5715,3117.8838
2027-04-08,2740.0125,2753.5066,3117.9583
2027-04-09,2740.0125,2753.5066,3117.9583
2027-04-10,2740.25,2752.4011,3118.6497
2027-04-11,2740.25,2751.609,3118.445
2027-04-12,2740.25,2747.8772,3117.9187
2027-04-13,2740.25,2744.39,3117.9187
2027-04-14,2740.25,2741.805,3117.9187
2027-04-15,2740.25,2739.0198,3117.9187
2027-04-16,2731.0122,2735.9204,3117.9187
2027-04-17,2729.7847,2733.205,3117.9187
2027-04-18,2729.7847,2729.9797,3117.9187
2027-04-19,2729.7847,2729.4124,3117.9187
2027-04-20,2729.0784,2724.9617,3117.9187
2027-04-21,2728.0151,2719.1938,3117.9187
2027-04-22,2728.0151,2716.8406,3118.2185
2027-04-23,2728.0151,2714.782,3118.2185
2027-04-24,2728.0151,2710.5369,3118.2185
2027-04-25,2728.0151,2708.5117,3118.2185
2027-04-26,2727.2432,2707.6047,3118.2185
2027-04-27,2723.0266,2706.6985,3118.4958
2027-04-28,2722.2869,2705.6245,3118.9316
2027-04-29,2722.2869,2703.9907,3118.9878
2027-04-30,2722.2869,2702.0596,3118.9878
2027-05-01,2722.2869,2701.716,3118.9878
2027-05-02,2722.2869,2701.4148,3118.5312
2027-05-03,2722.0308,2701.4148,3118.005
2027-05-04,2721.6096,2701.4148,3118.005
2027-05-05,2720.3167,2701.4148,3118.2295
2027-05-06,2718.0505,2701.4148,3118.2295
2027-05-07,2716.459,2701.4148,3118.2295
2027-05-08,2713.3496,2701.4148,3118.2295
2027-05-09,2709.7644,2701.4148,3118.2295
2027-05-10,2709.7644,2701.4148,3118.2295
2027-05-11,2709.7644,2701.4148,3118.2295
2027-05-12,2709.7644,2701.4148,3118.2253
2027-05-13,2709.6455,2701.4148,3118.2253
2027-05-14,2709.6455,2701.4148,3118.2253
2027-05-15,2709.6455,2701.596,3118.955
2027-05-16,2709.6455,2701.596,3119.3018
2027-05-17,2709.9485,2701.596,3119.3018
2027-05-18,2709.9485,2701.738,3119.3018
2027-05-19,2710.1072,2701.7131,3119.3018
2027-05-20,2709.7864,2701.7131,3119.3018
2027-05-21,2709.6323,2701.7131,3119.3018
2027-05-22,2709.815,2701.7131,3118.63
2027-05-23,2710.0322,2701.8892,3119.185
2027-05-24,2709.8782,2700.8284,3119.7114
2027-05-25,2709.8782,2700.4143,3119.7114
2027-05-26,2709.8782,2699.6558,3118.122
2027-05-27,2709.8782,2699.6558,3119.4639
2027-05-28,2709.8782,2699.6558,3119.9902
2027-05-29,2709.8782,2699.6558,3119.355
2027-05-30,2709.8782,2699.6558,3119.355
2027-05-31,2709.8782,2699.6558,3119.355
2027-06-01,2709.8782,2699.6558,3119.4827
2027-06-02,2709.8782,2699.957,3119.7607
2027-06-03,2709.8782,2699.957,3119.1401
2027-06-04,2709.8782,2699.957,3119.1401
2027-06-05,2709.8782,2699.957,3118.275
2027-06-06,2707.839,2699.957,3117.7485
2027-06-07,2702.7917,2699.3733,3117.7485
2027-06-08,2700.9294,2703.2349,3117.7485
2027-06-09,2700.5625,2700.751,3117.7485
2027-06-10,2699.64,2700.1318,3117.7485
2027-06-11,2699.64,2699.3733,3117.7485
2027-06-12,2699.1296,2703.488,3117.7485
2027-06-13,2695.8936,2701.0042,3117.088
2027-06-14,2690.078,2700.385,3116.9397
2027-06-15,2686.15,2699.6265,3116.9397
2027-06-16,2679.6028,2699.6265,3116.8342
2027-06-17,2679.6028,2699.6265,3116.8342
2027-06-18,2679.6028,2699.6265,3117.1372
2027-06-19,2679.6028,2699.6265,3117.1372
2027-06-20,2679.3313,2699.6265,3117.1372
2027-06-21,2674.9023,2699.6265,3117.1372
2027-06-22,2669.5833,2699.6265,3117.1372
2027-06-23,2666.4539,2699.6265,3117.1372
2027-06-24,2664.446,2699.6265,3117.4255
2027-06-25,2661.703,2699.6265,3117.4255
2027-06-26,2662.476,2699.6265,3117.4255
2027-06-27,2662.476,2699.6265,3117.4255
2027-06-28,2662.476,2699.6265,3117.0708
2027-06-29,2662.204,2699.6265,3117.1226
2027-06-30,2662.204,2699.3877,3117.1226
2027-07-01,2664.3704,2703.2493,3117.1226
2027-07-02,2664.7957,2701.0618,3117.1226
2027-07-03,2665.2942,2700.4426,3117.952
2027-07-04,2665.2942,2700.4426,3117.952
2027-07-05,2665.2942,2700.4426,3117.952
2027-07-06,2665.2942,2700.4426,3117.6553
2027-07-07,2665.2942,2700.4426,3117.6553
2027-07-08,2665.2942,2700.4426,3117.6553
2027-07-09,2665.2942,2700.4426,3117.6553
2027-07-10,2665.2942,2700.4426,3117.5583
2027-07-11,2665.2942,2700.4426,3117.5583
2027-07-12,2665.2942,2700.4426,3117.5583
2027-07-13,2665.2942,2700.4426,3117.5583
2027-07-14,2665.2942,2700.4426,3117.5583
2027-07-15,2665.2942,2700.4426,3117.5583
2027-07-16,2665.1777,2700.4426,3117.5583
2027-07-17,2665.1777,2700.4426,3117.5583
2027-07-18,2665.1777,2700.4426,3117.5583
2027-07-19,2665.1777,2700.4426,3117.5583
2027-07-20,2665.1777,2700.4426,3117.5583
2027-07-21,2665.1777,2700.4426,3117.5583
2027-07-22,2665.1777,2700.4426,3117.5583
2027-07-23,2665.1777,2700.4426,3117.5583
2027-07-24,2666.7925,2700.4426,3117.5583
2027-07-25,2670.2927,2700.4426,3117.5583
2027-07-26,2672.4653,2700.4426,3117.5583
2027-07-27,2672.7415,2700.7732,3117.5583
2027-07-28,2672.7415,2700.7732,3117.5583
2027-07-29,2673.4985,2700.7732,3117.5583
2027-07-30,2673.4985,2700.7732,3117.5583
2027-07-31,2672.7415,2700.7732,3118.1936
2027-08-01,2672.7415,2700.472,3119.5857
2027-08-02,2672.3928,2700.472,3120.112
2027-08-03,2672.3928,2700.472,3120.112
2027-08-04,2672.3928,2700.472,3120.112
2027-08-05,2673.284,2701.5293,3120.4668
2027-08-06,2673.284,2701.9434,3120.4668
2027-08-07,2673.284,2702.1484,3120.4668
2027-08-08,2673.284,2702.1484,3120.4543
2027-08-09,2673.284,2702.1484,3120.4543
2027-08-10,2673.284,2702.1484,3120.7192
2027-08-11,2673.284,2702.1484,3123.439
2027-08-12,2673.284,2702.1484,3123.7537
2027-08-13,2673.284,2702.1484,3123.7537
2027-08-14,2673.284,2702.1484,3123.7537
2027-08-15,2673.284,2702.1484,3123.7537
2027-08-16,2673.284,2702.1484,3123.7537
2027-08-17,2673.284,2702.1484,3124.204
2027-08-18,2673.284,2702.1484,3126.9795
2027-08-19,2673.284,2702.1484,3130.0793
2027-08-20,2673.284,2702.1484,3132.0376
2027-08-21,2673.284,2702.1484,3133.3826
2027-08-22,2673.284,2702.1484,3134.4204
2027-08-23,2673.284,2702.1484,3138.8254
2027-08-24,2673.284,2702.1484,3140.1506
2027-08-25,2673.284,2702.1484,3140.1506
2027-08-26,2673.284,2702.1484,3140.1506
2027-08-27,2673.284,2702.1484,3140.1506
2027-08-28,2673.284,2702.1484,3140.1506
2027-08-29,2673.5422,2702.1484,3140.1506
2027-08-30,2673.5422,2702.1484,3140.1506
2027-08-31,2673.5422,2702.1484,3140.4197
2027-09-01,2673.5422,2702.1484,3140.6848
2027-09-02,2673.5422,2702.1484,3140.6848
2027-09-03,2673.5422,2702.1484,3140.6848
2027-09-04,2673.5422,2702.1484,3140.6848
2027-09-05,2673.5422,2702.1484,3140.6848
2027-09-06,2673.5422,2702.1484,3140.4075
2027-09-07,2673.5422,2702.1484,3140.4075
2027-09-08,2673.5422,2702.1484,3140.4075
2027-09-09,2673.5422,2702.1484,3140.1077
2027-09-10,2673.5422,2702.1484,3140.1077
2027-09-11,2673.5422,2702.7034,3140.1077
2027-09-12,2673.5422,2702.0964,3139.9158
2027-09-13,2674.8672,2702.0964,3139.9158
2027-09-14,2674.9404,2702.0964,3140.2837
2027-09-15,2675.2222,2702.0964,3139.947
2027-09-16,2675.2222,2702.0964,3139.947
2027-09-17,2676.095,2702.0964,3139.947
2027-09-18,2676.095,2702.0964,3139.947
2027-09-19,2676.095,2702.0964,3139.968
2027-09-20,2676.095,2702.516,3139.968
2027-09-21,2676.8337,2702.516,3139.968
2027-09-22,2676.9602,2702.516,3139.968
2027-09-23,2676.4958,2702.4849,3139.968
2027-09-24,2676.0498,2702.4849,3139.968
2027-09-25,2676.0498,2702.5498,3139.1401
2027-09-26,2676.0498,2702.5498,3139.1401
2027-09-27,2676.1392,2702.5498,3138.9124
2027-09-28,2676.1392,2702.5498,3138.9124
2027-09-29,2676.1392,2702.3965,3139.2131
2027-09-30,2676.1392,2702.913,3139.2131
2027-10-01,2676.1392,2702.913,3139.2131
2027-10-02,2676.1392,2702.3965,3139.2131
2027-10-03,2676.1392,2702.7107,3139.2588
2027-10-04,2676.1392,2702.864,3138.958
2027-10-05,2676.0498,2702.864,3138.958
2027-10-06,2676.0498,2702.864,3139.1858
2027-10-07,2676.0498,2702.864,3140.351
2027-10-08,2676.4958,2702.864,3140.351
2027-10-09,2676.4958,2702.864,3140.351
2027-10-10,2676.9602,2702.864,3139.5103
2027-10-11,2676.9602,2702.864,3140.6443
2027-10-12,2676.9602,2702.864,3140.6443
2027-10-13,2676.9602,2702.864,3140.6443
2027-10-14,2676.9602,2702.864,3140.6443
2027-10-15,2676.9602,2702.864,3140.6443
2027-10-16,2676.0874,2702.864,3140.6443
2027-10-17,2676.486,2702.864,3139.631
2027-10-18,2675.8057,2702.864,3141.49
2027-10-19,2676.6277,2702.2244,3144.345
2027-10-20,2676.6277,2703.471,3146.4377
2027-10-21,2676.6277,2702.9814,3149.2703
2027-10-22,2676.6277,2702.916,3151.1968
2027-10-23,2676.6277,2702.916,3152.791
2027-10-24,2676.6277,2702.916,3154.3298
2027-10-25,2676.6277,2702.916,3154.3298
2027-10-26,2676.6277,2702.916,3153.3997
2027-10-27,2676.6277,2702.916,3153.3997
2027-10-28,2676.6277,2702.916,3154.3667
2027-10-29,2676.6277,2702.916,3154.3667
2027-10-30,2676.6277,2702.916,3154.3667
2027-10-31,2676.6277,2702.916,3154.3667
2027-11-01,2676.6277,2702.916,3154.3667
2027-11-02,2676.6277,2702.916,3154.3667
2027-11-03,2676.3694,2702.916,3154.3667
2027-11-04,2676.3694,2702.9573,3154.3667
2027-11-05,2676.3694,2702.9573,3154.3667
2027-11-06,2676.3694,2702.9573,3154.3667
2027-11-07,2676.3694,2702.9573,3154.3667
2027-11-08,2676.3694,2702.9573,3154.3667
2027-11-09,2676.2354,2702.9573,3154.3667
2027-11-10,2676.2354,2702.9573,3154.3667
2027-11-11,2676.2354,2702.9573,3154.3667
2027-11-12,2676.2354,2702.9573,3154.3667
2027-11-13,2676.2354,2702.9573,3154.3667
2027-11-14,2675.7017,2702.9204,3154.3667
2027-11-15,2675.7017,2702.9204,3154.3667
2027-11-16,2675.7017,2702.9204,3154.3667
2027-11-17,2675.7017,2702.9204,3154.3667
2027-11-18,2675.7017,2702.9204,3154.0227
2027-11-19,2676.4966,2702.9204,3154.0227
2027-11-20,2676.4966,2702.9658,3154.4792
2027-11-21,2676.4966,2703.3115,3154.4792
2027-11-22,2676.4966,2703.3115,3154.4792
2027-11-23,2676.4966,2703.3115,3153.944
2027-11-24,2676.4966,2703.3115,3153.944
2027-11-25,2676.4966,2703.3115,3153.9949
2027-11-26,2676.4966,2704.1975,3153.9949
2027-11-27,2676.4966,2737.9695,3153.9949
2027-11-28,2676.4966,2747.8923,3153.9949
2027-11-29,2676.4966,2750.4016,3153.9949
2027-11-30,2676.4966,2752.074,3153.9949
2027-12-01,2676.4966,2754.756,3153.255
2027-12-02,2676.4966,2755.3176,3153.7131
2027-12-03,2676.4966,2755.8218,3153.7131
2027-12-04,2676.4966,2756.1995,3153.7131
2027-12-05,2676.4966,2756.1995,3153.7131
2027-12-06,2676.4966,2756.1995,3153.7131
2027-12-07,2676.4966,2755.4067,3153.7131
2027-12-08,2676.4966,2755.4067,3153.7131
2027-12-09,2675.878,2755.6917,3153.7131
2027-12-10,2675.878,2755.6917,3153.7131
2027-12-11,2675.878,2755.6917,3153.7131
2027-12-12,2675.878,2755.6917,3153.7131
2027-12-13,2675.878,2755.6917,3153.7131
2027-12-14,2675.878,2755.6917,3153.7131
2027-12-15,2675.878,2755.6917,3153.7131
2027-12-16,2675.878,2755.6917,3153.7131
2027-12-17,2675.878,2755.2979,3153.7131
2027-12-18,2675.446,2755.2979,3153.7131
2027-12-19,2675.446,2755.1807,3153.7131
2027-12-20,2677.4775,2755.6824,3153.7131
2027-12-21,2683.0955,2755.4978,3153.7131
2027-12-22,2687.2505,2755.4978,3153.9321
2027-12-23,2693.1062,2755.7708,3154.0115
2027-12-24,2697.239,2755.7708,3154.0115
2027-12-25,2703.0547,2755.785,3152.871
2027-12-26,2706.3013,2755.8452,3152.2505
2027-12-27,2708.7244,2755.8452,3154.0059
2027-12-28,2708.7244,2755.8452,3154.0059
2027-12-29,2708.7244,2755.8452,3155.0068
2027-12-30,2708.2131,2755.8452,3155.0068
2027-12-31,2708.604,2755.21,3150.2766
2028-01-01,2704.8347,2752.3518,3150.2407
2028-01-02,2702.2524,2752.6653,3150.2407
2028-01-03,2702.2524,2752.6653,3149.612
2028-01-04,2702.2524,2752.6653,3149.612
2028-01-05,2702.2524,2752.6653,3149.612
2028-01-06,2703.7673,2752.7412,3148.8206
2028-01-07,2703.7673,2755.2305,3147.1511
2028-01-08,2702.97,2756.2385,3147.6357
2028-01-09,2703.585,2754.9602,3147.5564
2028-01-10,2703.585,2755.7344,3147.5564
2028-01-11,2703.585,2755.1448,3146.9756
2028-01-12,2703.5952,2755.1448,3146.9756
2028-01-13,2703.5952,2755.262,3148.102
2028-01-14,2703.5952,2755.262,3148.102
2028-01-15,2703.5952,2755.262,3148.102
2028-01-16,2703.5952,2755.262,3148.102
2028-01-17,2703.5952,2755.262,3148.102
2028-01-18,2703.5952,2755.262,3147.8064
2028-01-19,2703.5952,2755.262,3147.8064
2028-01-20,2703.2822,2755.262,3148.102
2028-01-21,2703.2822,2755.262,3148.102
2028-01-22,2703.2822,2755.262,3148.102
2028-01-23,2703.2822,2755.262,3148.102
2028-01-24,2703.2822,2755.262,3147.829
2028-01-25,2703.2822,2755.262,3147.829
2028-01-26,2703.2822,2755.262,3147.829
2028-01-27,2703.2822,2755.262,3147.829
2028-01-28,2703.2822,2755.262,3147.829
2028-01-29,2703.2822,2755.262,3147.829
2028-01-30,2703.2822,2755.262,3148.4497
2028-01-31,2703.2822,2755.262,3147.9265
2028-02-01,2703.2822,2755.262,3147.9265
2028-02-02,2703.2822,2755.262,3147.9265
2028-02-03,2703.2822,2755.262,3147.9265
2028-02-04,2703.2822,2755.2146,3147.9265
2028-02-05,2703.2822,2755.2146,3147.9265
2028-02-06,2703.2822,2755.2146,3146.651
2028-02-07,2703.2822,2755.2146,3148.3218
2028-02-08,2703.2822,2755.2146,3148.3218
2028-02-09,2703.2822,2755.2146,3148.3218
2028-02-10,2702.3318,2755.2146,3148.3218
2028-02-11,2703.0364,2755.2146,3148.3218
2028-02-12,2703.0364,2755.2146,3148.3218
2028-02-13,2703.0364,2755.2146,3147.1506
2028-02-14,2702.8777,2755.2146,3148.3218
2028-02-15,2702.8777,2755.1487,3148.3218
2028-02-16,2702.5747,2755.1487,3148.3218
2028-02-17,2702.5747,2755.1487,3148.3218
2028-02-18,2702.5747,2755.1487,3147.6865
2028-02-19,2702.5747,2755.1487,3147.6865
2028-02-20,2702.5747,2755.1487,3147.6865
2028-02-21,2702.5747,2755.1487,3147.6865
2028-02-22,2702.5747,2755.1487,3147.6865
2028-02-23,2702.5222,2755.1487,3147.6865
2028-02-24,2702.5222,2755.1487,3147.6865
2028-02-25,2702.5222,2755.1487,3147.6865
2028-02-26,2702.5222,2755.1487,3147.6865
2028-02-27,2702.5222,2754.7903,3147.6865
2028-02-28,2702.5222,2754.3691,3147.462
2028-02-29,2702.5222,2754.3691,3147.462
2028-03-01,2702.5222,2754.3691,3147.462
2028-03-02,2702.5222,2754.3691,3147.462
2028-03-03,2702.5222,2754.6948,3147.462
2028-03-04,2702.5222,2754.6948,3147.462
2028-03-05,2702.5222,2754.6948,3147.462
2028-03-06,2702.8586,2754.6948,3147.462
2028-03-07,2702.8586,2754.6948,3147.462
2028-03-08,2702.8586,2754.6948,3147.462
2028-03-09,2702.8586,2755.9897,3147.462
2028-03-10,2702.8586,2755.0574,3147.462
2028-03-11,2702.8586,2753.362,3147.462
2028-03-12,2702.4717,2753.362,3147.462
2028-03-13,2702.4717,2753.609,3147.462
2028-03-14,2702.4717,2754.1929,3147.462
2028-03-15,2702.4717,2754.0444,3147.462
2028-03-16,2701.6907,2754.6628,3147.462
2028-03-17,2704.4136,2754.6628,3147.1125
2028-03-18,2705.102,2754.6628,3147.1125
2028-03-19,2705.102,2754.6628,3147.1125
2028-03-20,2705.102,2754.6628,3147.1125
2028-03-21,2705.102,2754.6628,3147.1125
2028-03-22,2705.102,2754.447,3145.9785
2028-03-23,2705.915,2754.447,3146.59
2028-03-24,2707.2876,2754.447,3146.59
2028-03-25,2707.2876,2754.447,3146.143
2028-03-26,2707.0054,2754.447,3145.8057
2028-03-27,2708.2192,2754.366,3142.9731
2028-03-28,2707.838,2754.366,3141.3752
2028-03-29,2707.838,2754.366,3141.7068
2028-03-30,2707.838,2754.366,3141.0984
2028-03-31,2707.053,2754.366,3137.3665
2028-04-01,2707.053,2754.366,3136.7344
2028-04-02,2707.053,2754.366,3135.6243
2028-04-03,2707.053,2754.366,3136.187
2028-04-04,2707.7793,2754.366,3135.2666
2028-04-05,2706.5464,2754.447,3135.2666
2028-04-06,2706.5464,2753.5217,3135.2666
2028-04-07,2706.8286,2753.4568,3134.8381
2028-04-08,2706.8286,2753.4568,3134.8381
2028-04-09,2707.0662,2752.3513,3135.7495
2028-04-10,2707.0662,2751.559,3134.7986
2028-04-11,2707.0662,2747.8274,3134.7986
2028-04-12,2707.0662,2743.441,3135.0476
2028-04-13,2707.0662,2740.092,3135.0476
2028-04-14,2707.0662,2737.7998,3135.0476
2028-04-15,2697.14,2734.7122,3135.0476
2028-04-16,2698.4558,2732.7156,3135.0476
2028-04-17,2698.4558,2729.5886,3135.0476
2028-04-18,2698.4558,2726.0261,3135.0476
2028-04-19,2698.4558,2721.8774,3135.0476
2028-04-20,2698.4558,2718.7778,3135.0476
2028-04-21,2698.4558,2716.571,3135.0476
2028-04-22,2694.5806,2714.5078,3135.0476
2028-04-23,2688.765,2710.0906,3135.0476
2028-04-24,2684.6812,2707.3816,3135.0476
2028-04-25,2679.6108,2706.588,3135.0476
2028-04-26,2679.6108,2705.514,3135.9924
2028-04-27,2679.9238,2703.8801,3135.9924
2028-04-28,2679.9238,2700.7957,3135.9924
2028-04-29,2679.9238,2700.1765,3135.9924
2028-04-30,2679.9238,2700.1765,3135.9924
2028-05-01,2679.9238,2699.0708,3135.536
2028-05-02,2679.9238,2702.9324,3135.536
2028-05-03,2679.9238,2700.4485,3135.536
2028-05-04,2679.7974,2699.8293,3135.7605
2028-05-05,2677.9104,2699.0708,3135.7605
2028-05-06,2673.2632,2702.9324,3135.7605
2028-05-07,2665.7239,2700.4485,3135.7605
2028-05-08,2659.775,2699.8293,3135.7605
2028-05-09,2655.4592,2699.0708,3135.7605
2028-05-10,2645.5378,2702.9324,3135.7605
2028-05-11,2644.499,2700.4485,3135.7605
2028-05-12,2639.0684,2699.8293,3135.7605
2028-05-13,2634.8992,2699.0708,3135.7605
2028-05-14,2633.6843,2703.1992,3136.3958
2028-05-15,2631.2534,2700.7153,3136.3958
2028-05-16,2630.2593,2700.0962,3136.3958
2028-05-17,2629.201,2699.4797,3136.3958
2028-05-18,2628.1157,2699.4797,3136.3958
2028-05-19,2625.926,2699.4797,3136.3958
2028-05-20,2625.926,2699.4797,3136.3958
2028-05-21,2626.1086,2699.4797,3136.3958
2028-05-22,2626.1719,2699.6558,3136.3958
2028-05-23,2627.4656,2699.6558,3136.3958
2028-05-24,2627.4656,2699.6558,3136.3958
2028-05-25,2627.4656,2699.6558,3134.8064
2028-05-26,2627.4656,2699.6558,3136.9575
2028-05-27,2627.4656,2699.6558,3136.9575
2028-05-28,2627.4656,2699.6558,3136.9575
2028-05-29,2627.4656,2699.6558,3136.9575
2028-05-30,2627.4656,2699.6558,3136.9575
2028-05-31,2627.4656,2699.6558,3136.9575
2028-06-01,2627.871,2699.957,3137.6155
2028-06-02,2627.871,2699.957,3137.688
2028-06-03,2627.871,2699.957,3137.688
2028-06-04,2627.871,2699.957,3136.716
2028-06-05,2627.782,2699.957,3136.023
2028-06-06,2627.782,2699.3733,3136.023
2028-06-07,2628.9768,2703.2349,3136.023
2028-06-08,2630.5408,2700.751,3136.023
2028-06-09,2631.7847,2700.1318,3136.023
2028-06-10,2633.1934,2699.3733,3136.023
2028-06-11,2632.683,2703.488,3136.023
2028-06-12,2632.683,2701.0042,3135.3623
2028-06-13,2632.683,2700.385,3135.214
2028-06-14,2632.683,2699.6265,3135.214
2028-06-15,2631.5415,2699.6265,3135.1086
2028-06-16,2631.5415,2699.6265,3135.1086
2028-06-17,2631.5415,2699.6265,3135.4116
2028-06-18,2631.5415,2699.6265,3135.4116
2028-06-19,2631.5415,2699.6265,3135.4116
2028-06-20,2631.5415,2699.6265,3135.4116
2028-06-21,2631.5415,2699.6265,3135.4116
2028-06-22,2631.5415,2699.6265,3135.4116
2028-06-23,2632.2385,2699.6265,3135.7
2028-06-24,2632.2385,2699.6265,3135.7
2028-06-25,2632.2385,2699.6265,3135.7
2028-06-26,2632.2385,2699.6265,3135.7
2028-06-27,2632.2385,2699.6265,3135.7
2028-06-28,2631.9666,2699.6265,3135.7517
2028-06-29,2631.9666,2699.3877,3135.7517
2028-06-30,2633.5586,2703.2493,3135.7517
2028-07-01,2634.1306,2701.0618,3135.7517
2028-07-02,2634.3235,2700.4426,3136.581
2028-07-03,2634.3235,2700.4426,3136.581
2028-07-04,2634.3235,2700.4426,3136.581
2028-07-05,2634.3235,2700.4426,3136.2844
2028-07-06,2634.3235,2700.4426,3136.2844
2028-07-07,2634.3235,2700.4426,3136.2844
2028-07-08,2634.3235,2700.4426,3136.2844
2028-07-09,2634.3235,2700.4426,3136.1875
2028-07-10,2634.3235,2700.4426,3136.1875
2028-07-11,2634.3235,2700.4426,3136.1875
2028-07-12,2634.3235,2700.4426,3136.1875
2028-07-13,2634.3235,2700.4426,3136.1875
2028-07-14,2634.3235,2700.4426,3136.1875
2028-07-15,2634.207,2700.4426,3136.1875
2028-07-16,2634.207,2700.4426,3136.1875
2028-07-17,2634.207,2700.4426,3136.1875
2028-07-18,2634.207,2700.4426,3136.1875
2028-07-19,2634.207,2700.4426,3136.1875
2028-07-20,2634.207,2700.4426,3136.1875
2028-07-21,2634.207,2700.4426,3136.1875
2028-07-22,2634.207,2700.4426,3136.1875
2028-07-23,2634.207,2700.4426,3136.1875
2028-07-24,2634.207,2700.4426,3136.1875
2028-07-25,2634.207,2700.4426,3136.1875
2028-07-26,2634.207,2700.7732,3136.1875
2028-07-27,2634.207,2700.7732,3136.1875
2028-07-28,2634.207,2700.7732,3136.1875
2028-07-29,2634.207,2700.7732,3136.1875
2028-07-30,2634.207,2700.7732,3136.1875
2028-07-31,2634.207,2700.472,3137.434
2028-08-01,2634.207,2700.472,3138.1272
2028-08-02,2634.207,2700.472,3138.1272
2028-08-03,2634.207,2700.472,3138.1272
2028-08-04,2634.207,2701.4277,3138.1272
2028-08-05,2634.207,2701.8418,3138.1272
2028-08-06,2634.207,2701.8418,3138.1272
2028-08-07,2634.207,2701.8418,3138.1147
2028-08-08,2634.207,2701.8418,3138.1147
2028-08-09,2634.207,2701.8418,3138.3796
2028-08-10,2634.207,2701.8418,3138.3796
2028-08-11,2634.207,2701.8418,3138.3796
2028-08-12,2634.207,2701.8418,3138.3796
2028-08-13,2634.207,2701.8418,3138.3796
2028-08-14,2634.207,2701.8418,3138.3796
2028-08-15,2634.207,2701.8418,3138.3796
2028-08-16,2634.207,2701.8418,3138.469
2028-08-17,2634.207,2701.8418,3138.8855
2028-08-18,2634.207,2701.8418,3138.8855
2028-08-19,2634.207,2701.8418,3138.7397
2028-08-20,2634.207,2701.8418,3138.7397
2028-08-21,2634.207,2701.8418,3138.7397
2028-08-22,2634.207,2701.8418,3138.7397
2028-08-23,2634.207,2701.8418,3138.7397
2028-08-24,2634.207,2701.8418,3138.7397
2028-08-25,2634.207,2701.8418,3138.7397
2028-08-26,2634.207,2701.8418,3138.7397
2028-08-27,2634.207,2701.8418,3138.7397
2028-08-28,2634.207,2701.8418,3138.7397
2028-08-29,2634.207,2701.8418,3138.7397
2028-08-30,2634.207,2701.8418,3139.4185
2028-08-31,2634.207,2701.8418,3139.6836
2028-09-01,2634.207,2701.8418,3139.6836
2028-09-02,2634.207,2701.8418,3139.6836
2028-09-03,2634.207,2701.8418,3139.6836
2028-09-04,2634.207,2701.8418,3139.6836
2028-09-05,2634.207,2701.8418,3139.4062
2028-09-06,2634.207,2701.8418,3139.4062
2028-09-07,2634.207,2701.8418,3139.4062
2028-09-08,2634.207,2701.8418,3139.4062
2028-09-09,2634.207,2701.8418,3139.4062
2028-09-10,2634.207,2702.4983,3139.4062
2028-09-11,2634.207,2702.0964,3139.2144
2028-09-12,2635.532,2702.0964,3139.2144
2028-09-13,2635.816,2702.0964,3140.0913
2028-09-14,2636.0977,2702.0964,3139.2456
2028-09-15,2636.0977,2702.0964,3139.2456
2028-09-16,2636.9705,2702.0964,3139.2456
2028-09-17,2638.3325,2702.0964,3139.2456
2028-09-18,2638.3325,2702.0964,3139.2456
2028-09-19,2638.3325,2702.516,3139.2456
2028-09-20,2638.3325,2702.516,3139.2456
2028-09-21,2638.3325,2702.516,3139.2456
2028-09-22,2637.8682,2702.4849,3139.2456
2028-09-23,2637.422,2702.4849,3139.2456
2028-09-24,2637.422,2702.5498,3138.4521
2028-09-25,2637.422,2702.5498,3138.4521
2028-09-26,2637.5115,2702.5498,3138.2244
2028-09-27,2637.5115,2702.5498,3137.5923
2028-09-28,2637.5115,2702.3965,3137.893
2028-09-29,2637.5115,2702.913,3137.893
2028-09-30,2637.054,2702.913,3137.893
2028-10-01,2637.054,2702.3965,3137.893
2028-10-02,2637.054,2702.7107,3137.9387
2028-10-03,2637.054,2702.864,3137.638
2028-10-04,2636.9646,2702.864,3137.638
2028-10-05,2636.9646,2702.864,3137.8657
2028-10-06,2636.9646,2702.864,3138.9365
2028-10-07,2637.4106,2702.864,3139.5686
2028-10-08,2637.4106,2702.864,3139.5686
2028-10-09,2637.875,2702.864,3138.7278
2028-10-10,2637.875,2702.864,3139.8618
2028-10-11,2637.875,2702.864,3139.8618
2028-10-12,2637.875,2702.864,3139.8618
2028-10-13,2637.875,2702.864,3139.8618
2028-10-14,2637.875,2702.864,3139.8618
2028-10-15,2637.0022,2702.864,3139.8618
2028-10-16,2637.401,2702.864,3138.8486
2028-10-17,2636.7205,2702.864,3140.3623
2028-10-18,2637.5425,2702.2244,3139.4854
2028-10-19,2637.5425,2703.471,3139.6772
2028-10-20,2637.5425,2702.9814,3139.6772
2028-10-21,2637.5425,2702.8145,3139.6772
2028-10-22,2637.5425,2702.8145,3139.6772
2028-10-23,2637.5425,2702.8145,3140.0225
2028-10-24,2637.5425,2702.8145,3139.6772
2028-10-25,2637.5425,2702.8145,3140.0225
2028-10-26,2637.5425,2702.8145,3139.6772
2028-10-27,2637.5425,2702.8145,3139.6772
2028-10-28,2637.5425,2702.8145,3139.6772
2028-10-29,2637.5425,2702.8145,3139.6772
2028-10-30,2637.5425,2702.8145,3139.6772
2028-10-31,2637.5425,2702.8145,3139.6772
2028-11-01,2637.5425,2702.8145,3139.6772
2028-11-02,2637.5425,2702.8145,3139.6772
2028-11-03,2637.5425,2702.8557,3139.6772
2028-11-04,2637.5425,2702.8557,3139.6772
2028-11-05,2637.5425,2702.8557,3139.6772
2028-11-06,2637.5425,2702.8557,3139.6772
2028-11-07,2637.5425,2702.8557,3139.6772
2028-11-08,2637.4084,2702.8557,3139.6772
2028-11-09,2637.4084,2702.8557,3139.6772
2028-11-10,2637.4084,2702.8557,3139.6772
2028-11-11,2637.4084,2702.8557,3139.6772
2028-11-12,2637.4084,2702.8557,3139.6772
2028-11-13,2636.8748,2702.575,3139.6772
2028-11-14,2636.8748,2702.575,3139.6772
2028-11-15,2636.8748,2702.575,3139.6772
2028-11-16,2636.8748,2702.575,3139.6772
2028-11-17,2636.8748,2702.575,3139.6772
2028-11-18,2637.6697,2702.575,3139.6772
2028-11-19,2637.6697,2702.6204,3140.1338
2028-11-20,2637.6697,2703.3115,3140.1338
2028-11-21,2637.6697,2703.3115,3140.1338
2028-11-22,2637.6697,2703.3115,3139.4124
2028-11-23,2637.6697,2703.3115,3139.4124
2028-11-24,2637.6697,2703.3115,3139.4631
2028-11-25,2637.6697,2707.5408,3139.4631
2028-11-26,2637.6697,2729.4927,3139.4631
2028-11-27,2637.6697,2738.9153,3139.4631
2028-11-28,2637.6697,2742.5422,3139.4631
2028-11-29,2637.6697,2743.7268,3139.8083
2028-11-30,2637.6697,2745.1902,3139.0684
2028-12-01,2637.6697,2746.604,3139.5266
2028-12-02,2637.6697,2746.604,3139.5266
2028-12-03,2637.6697,2746.7598,3139.5266
2028-12-04,2637.6697,2746.7598,3139.5266
2028-12-05,2637.6697,2746.7598,3139.5266
2028-12-06,2637.6697,2746.7598,3139.1814
2028-12-07,2637.6697,2746.7598,3139.5266
2028-12-08,2637.6697,2746.2444,3139.5266
2028-12-09,2637.6697,2746.2444,3139.5266
2028-12-10,2637.6697,2746.2444,3139.5266
2028-12-11,2637.6697,2746.2444,3139.5266
2028-12-12,2637.6697,2746.2444,3139.5266
2028-12-13,2637.6697,2746.2444,3139.5266
2028-12-14,2637.6697,2746.2444,3139.5266
2028-12-15,2637.6697,2746.2444,3139.5266
2028-12-16,2637.6697,2745.8506,3139.5266
2028-12-17,2637.2378,2745.6797,3139.5266
2028-12-18,2637.2378,2745.5625,3139.5266
2028-12-19,2638.802,2746.0642,3139.5266
2028-12-20,2643.4126,2746.3596,3139.5266
2028-12-21,2646.5005,2746.3596,3139.7456
2028-12-22,2652.3438,2746.6326,3139.825
2028-12-23,2651.9038,2746.6326,3139.825
2028-12-24,2651.9038,2745.745,3138.6846
2028-12-25,2652.4185,2746.227,3138.064
2028-12-26,2652.4185,2746.227,3139.1873
2028-12-27,2652.4185,2746.227,3139.8193
2028-12-28,2652.4185,2746.227,3140.475
2028-12-29,2653.3286,2746.227,3140.475
2028-12-30,2652.7842,2745.411,3135.7449
2028-12-31,2652.7021,2746.227,3138.6658
2029-01-01,2652.1084,2744.1257,3138.234
2029-01-02,2651.3804,2744.1257,3137.6018
2029-01-03,2651.3804,2744.1257,3137.0364
2029-01-04,2651.3804,2744.1257,3136.3433
2029-01-05,2651.3804,2744.1257,3136.3433
2029-01-06,2651.3804,2743.6438,3134.6658
2029-01-07,2651.3804,2745.4116,3137.2346
2029-01-08,2650.583,2747.309,3138.4124
2029-01-09,2651.198,2749.6445,3138.965
2029-01-10,2651.198,2752.0442,3138.965
2029-01-11,2651.198,2754.1367,3138.3843
2029-01-12,2651.3755,2755.1448,3137.7522
2029-01-13,2651.3755,2755.262,3138.6526
2029-01-14,2651.3755,2755.262,3139.2847
2029-01-15,2651.3755,2755.262,3139.2847
2029-01-16,2651.3755,2755.262,3139.2847
2029-01-17,2651.3755,2755.262,3139.2847
2029-01-18,2651.3755,2755.262,3139.2847
2029-01-19,2651.3755,2755.262,3139.2847
2029-01-20,2651.3755,2755.262,3139.2847
2029-01-21,2651.3755,2755.262,3139.2847
2029-01-22,2651.3755,2755.262,3139.2847
2029-01-23,2651.3755,2755.262,3139.2847
2029-01-24,2651.3755,2755.262,3139.0117
2029-01-25,2651.3755,2755.262,3139.0117
2029-01-26,2651.3755,2755.262,3139.0117
2029-01-27,2651.3755,2755.262,3139.0117
2029-01-28,2651.3755,2755.262,3139.0117
2029-01-29,2651.3755,2755.262,3139.0117
2029-01-30,2651.3755,2755.262,3139.6323
2029-01-31,2651.3755,2755.262,3139.1091
2029-02-01,2651.3755,2755.262,3139.1091
2029-02-02,2651.3755,2755.262,3139.1091
2029-02-03,2651.3755,2755.262,3139.1091
2029-02-04,2651.3755,2755.2146,3139.1091
2029-02-05,2651.3755,2755.2146,3139.1091
2029-02-06,2651.3755,2755.2146,3137.1616
2029-02-07,2651.3755,2755.2146,3137.5073
2029-02-08,2651.3755,2755.2146,3138.2004
2029-02-09,2651.3755,2755.2146,3138.2004
2029-02-10,2650.086,2755.2146,3138.2004
2029-02-11,2650.7905,2755.2146,3138.2004
2029-02-12,2650.5293,2755.2146,3138.2004
2029-02-13,2650.5293,2755.2146,3138.2004
2029-02-14,2650.3706,2755.2146,3138.2004
2029-02-15,2650.3706,2755.1487,3138.2004
2029-02-16,2650.0676,2755.1487,3138.2004
2029-02-17,2650.0676,2755.1487,3138.2004
2029-02-18,2650.0676,2755.1487,3137.5652
2029-02-19,2650.0676,2755.1487,3137.5652
2029-02-20,2650.0676,2755.1487,3137.5652
2029-02-21,2650.0676,2755.1487,3137.5693
2029-02-22,2650.2017,2755.1487,3137.5693
2029-02-23,2649.9343,2755.1487,3137.5693
2029-02-24,2649.9343,2755.1487,3137.5693
2029-02-25,2649.9343,2755.1487,3137.5693
2029-02-26,2649.9343,2755.1487,3137.5693
2029-02-27,2649.9343,2754.7903,3137.5693
2029-02-28,2649.9343,2754.3691,3137.3447
2029-03-01,2649.9343,2754.3691,3137.3447
2029-03-02,2649.9343,2754.3691,3137.3447
2029-03-03,2649.9343,2754.3691,3137.3447
2029-03-04,2649.9343,2754.6948,3137.3447
2029-03-05,2649.9343,2754.6948,3137.3447
2029-03-06,2649.9343,2754.6948,3137.3447
2029-03-07,2649.9343,2754.6948,3137.3447
2029-03-08,2649.9343,2754.6948,3137.3447
2029-03-09,2649.9343,2754.6948,3137.3447
2029-03-10,2649.9343,2755.9897,3137.3447
2029-03-11,2634.663,2755.0574,3137.3447
2029-03-12,2632.9314,2753.362,3137.3447
2029-03-13,2632.0325,2753.362,3137.3447
2029-03-14,2632.0325,2753.609,3137.3447
2029-03-15,2632.0325,2754.1929,3137.3447
2029-03-16,2632.0325,2754.0444,3137.3447
2029-03-17,2632.0325,2754.6628,3137.3447
2029-03-18,2632.0325,2754.6628,3136.9954
2029-03-19,2632.0325,2754.6628,3136.3022
2029-03-20,2632.0325,2754.6628,3136.3022
2029-03-21,2632.0325,2754.6628,3136.3022
2029-03-22,2632.0325,2754.6628,3136.3022
2029-03-23,2632.0325,2754.447,3135.1682
2029-03-24,2632.8455,2754.447,3135.7798
2029-03-25,2631.795,2754.447,3135.7798
2029-03-26,2631.795,2754.447,3136.2083
2029-03-27,2631.5127,2754.447,3135.8708
2029-03-28,2633.0342,2754.366,3135.8708
2029-03-29,2632.6528,2754.366,3136.1738
2029-03-30,2632.6528,2754.366,3136.1738
2029-03-31,2632.6528,2754.366,3135.5654
2029-04-01,2632.1882,2754.366,3135.5654
2029-04-02,2632.1882,2754.366,3135.5654
2029-04-03,2632.1882,2754.366,3135.472
2029-04-04,2632.1882,2754.366,3136.0347
2029-04-05,2632.9146,2754.366,3135.7317
2029-04-06,2631.374,2754.447,3135.7317
2029-04-07,2631.374,2753.5217,3135.7317
2029-04-08,2631.6562,2753.4568,3135.3032
2029-04-09,2631.6562,2753.4568,3135.3032
2029-04-10,2631.8938,2752.3513,3136.2146
2029-04-11,2631.8938,2751.559,3135.2637
2029-04-12,2631.8938,2747.486,3135.2637
2029-04-13,2631.8938,2743.9988,3135.2637
2029-04-14,2631.8938,2740.092,3135.2637
2029-04-15,2631.8938,2737.7998,3135.2637
2029-04-16,2631.8938,2734.7122,3135.2637
2029-04-17,2631.8938,2732.7156,3135.2637
2029-04-18,2631.8938,2729.5886,3135.2637
2029-04-19,2631.8938,2726.0012,3135.2637
2029-04-20,2631.8938,2721.8525,3135.2637
2029-04-21,2632.2207,2718.4421,3135.2637
2029-04-22,2632.2207,2715.3137,3135.2637
2029-04-23,2632.2207,2710.1145,3135.2637
2029-04-24,2632.2207,2708.0654,3135.2637
2029-04-25,2631.079,2706.164,3135.2637
2029-04-26,2629.6704,2705.514,3135.2637
2029-04-27,2628.4265,2703.0703,3135.541
2029-04-28,2626.2368,2700.7957,3135.541
2029-04-29,2626.2368,2700.1765,3135.541
2029-04-30,2626.2368,2700.1765,3135.541
2029-05-01,2626.2368,2699.0708,3135.541
2029-05-02,2626.2368,2702.9324,3135.0845
2029-05-03,2626.2368,2700.4485,3135.0845
2029-05-04,2626.2368,2699.8293,3135.0845
2029-05-05,2626.2368,2699.0708,3135.309
2029-05-06,2626.2368,2702.9324,3135.309
2029-05-07,2626.2368,2700.4485,3135.309
2029-05-08,2626.2368,2699.8293,3135.309
2029-05-09,2626.2368,2699.0708,3135.309
2029-05-10,2626.5042,2702.9324,3135.309
2029-05-11,2626.5042,2700.4485,3135.309
2029-05-12,2626.5042,2699.8293,3135.305
2029-05-13,2626.5042,2699.0708,3135.305
2029-05-14,2626.5042,2702.9324,3135.305
2029-05-15,2626.5042,2700.7153,3135.9402
2029-05-16,2626.5042,2700.0962,3135.9402
2029-05-17,2626.6748,2699.3376,3135.9402
2029-05-18,2627.0251,2703.3413,3135.9402
2029-05-19,2627.1838,2700.8574,3135.9402
2029-05-20,2627.1838,2700.2383,3135.9402
2029-05-21,2627.1838,2699.4797,3135.9402
2029-05-22,2627.3665,2699.4797,3135.9402
2029-05-23,2627.4297,2699.6558,3135.9402
2029-05-24,2627.4297,2699.6558,3135.9402
2029-05-25,2627.4297,2699.6558,3135.9402
2029-05-26,2627.4297,2699.6558,3134.3508
2029-05-27,2627.4297,2699.6558,3136.2983
2029-05-28,2627.4297,2699.6558,3136.2983
2029-05-29,2627.4297,2699.6558,3136.2983
2029-05-30,2627.4297,2699.6558,3136.2983
2029-05-31,2627.4297,2699.6558,3136.2983
2029-06-01,2627.4297,2699.6558,3136.426
2029-06-02,2627.8352,2699.957,3136.9563
2029-06-03,2627.8352,2699.957,3136.3357
2029-06-04,2627.8352,2699.957,3136.3357
2029-06-05,2627.8352,2699.957,3135.3638
2029-06-06,2627.8352,2699.957,3135.3638
2029-06-07,2627.8352,2699.3733,3135.3638
2029-06-08,2627.8352,2703.2349,3135.3638
2029-06-09,2627.2095,2700.751,3135.3638
2029-06-10,2627.2095,2700.1318,3135.3638
2029-06-11,2627.2095,2699.3733,3135.3638
2029-06-12,2626.6992,2703.488,3135.3638
2029-06-13,2626.6992,2701.0042,3134.7031
2029-06-14,2626.6992,2700.385,3134.555
2029-06-15,2626.6992,2699.6265,3134.555
2029-06-16,2626.6992,2699.6265,3134.4495
2029-06-17,2626.6992,2699.6265,3134.4495
2029-06-18,2626.6992,2699.6265,3134.7524
2029-06-19,2626.6992,2699.6265,3134.7524
2029-06-20,2626.6992,2699.6265,3134.7524
2029-06-21,2626.6992,2699.6265,3134.7524
2029-06-22,2626.6992,2699.6265,3134.7524
2029-06-23,2626.6992,2699.6265,3134.7524
2029-06-24,2627.3962,2699.6265,3135.0408
2029-06-25,2627.3962,2699.6265,3135.0408
2029-06-26,2627.3962,2699.6265,3135.0408
2029-06-27,2627.3962,2699.6265,3135.0408
2029-06-28,2627.3962,2699.6265,3135.0408
2029-06-29,2627.1243,2699.6265,3135.0293
2029-06-30,2627.1243,2699.3877,3135.0293
2029-07-01,2628.7163,2703.2493,3135.0293
2029-07-02,2628.7163,2701.0618,3135.0293
2029-07-03,2628.9092,2700.4426,3135.8586
2029-07-04,2631.0989,2700.4426,3135.8586
2029-07-05,2632.3428,2700.4426,3135.8586
2029-07-06,2633.7515,2700.4426,3135.562
2029-07-07,2634.3235,2700.4426,3135.562
2029-07-08,2634.3235,2700.4426,3135.562
2029-07-09,2634.3235,2700.4426,3135.562
2029-07-10,2634.3235,2700.4426,3135.465
2029-07-11,2634.3235,2700.4426,3135.465
2029-07-12,2634.3235,2700.4426,3135.465
2029-07-13,2634.3235,2700.4426,3135.465
2029-07-14,2634.3235,2700.4426,3135.465
2029-07-15,2634.3235,2700.4426,3135.465
2029-07-16,2634.207,2700.4426,3135.465
2029-07-17,2634.207,2700.4426,3135.465
2029-07-18,2634.207,2700.4426,3135.465
2029-07-19,2634.207,2700.4426,3135.465
2029-07-20,2634.207,2700.4426,3135.465
2029-07-21,2634.207,2700.4426,3135.465
2029-07-22,2634.207,2700.4426,3135.465
2029-07-23,2634.207,2700.4426,3135.465
2029-07-24,2634.207,2700.4426,3135.465
2029-07-25,2634.207,2700.4426,3135.465
2029-07-26,2634.207,2700.4426,3135.465
2029-07-27,2634.207,2700.7732,3135.465
2029-07-28,2634.207,2700.7732,3135.465
2029-07-29,2634.207,2700.7732,3135.465
2029-07-30,2634.207,2700.7732,3135.465
2029-07-31,2634.207,2700.7732,3135.465
2029-08-01,2634.207,2700.472,3136.7117
2029-08-02,2634.207,2700.472,3136.7117
2029-08-03,2634.207,2700.472,3136.7117
2029-08-04,2634.207,2700.472,3136.7117
2029-08-05,2634.207,2701.4277,3136.7117
2029-08-06,2634.207,2701.8418,3136.7117
2029-08-07,2634.207,2701.8418,3136.7117
2029-08-08,2634.207,2701.8418,3136.6992
2029-08-09,2634.207,2701.8418,3136.6992
2029-08-10,2634.207,2701.8418,3136.964
2029-08-11,2634.207,2701.8418,3136.964
2029-08-12,2634.207,2701.8418,3136.964
2029-08-13,2634.207,2701.8418,3136.964
2029-08-14,2634.207,2701.8418,3136.964
2029-08-15,2634.207,2701.8418,3136.964
2029-08-16,2634.207,2701.8418,3136.964
2029-08-17,2634.207,2701.8418,3137.4146
2029-08-18,2634.207,2701.8418,3138.1077
2029-08-19,2634.207,2701.8418,3138.1077
2029-08-20,2634.207,2701.8418,3138.1077
2029-08-21,2634.207,2701.8418,3138.1077
2029-08-22,2634.207,2701.8418,3138.1077
2029-08-23,2634.207,2701.8418,3138.1077
2029-08-24,2634.207,2701.8418,3138.1077
2029-08-25,2634.207,2701.8418,3138.1077
2029-08-26,2634.207,2701.8418,3138.1077
2029-08-27,2634.207,2701.8418,3138.1077
2029-08-28,2634.207,2701.8418,3138.1077
2029-08-29,2634.207,2701.8418,3138.1077
2029-08-30,2634.207,2701.8418,3138.1077
2029-08-31,2634.207,2701.8418,3138.7864
2029-09-01,2634.207,2701.8418,3139.6836
2029-09-02,2634.207,2701.8418,3139.6836
2029-09-03,2634.207,2701.8418,3139.6836
2029-09-04,2634.207,2701.8418,3139.6836
2029-09-05,2634.207,2701.8418,3139.6836
2029-09-06,2634.207,2701.8418,3139.4062
2029-09-07,2634.207,2701.8418,3139.4062
2029-09-08,2634.207,2701.8418,3139.4062
2029-09-09,2634.207,2701.8418,3139.4062
2029-09-10,2634.207,2701.8418,3139.4062
2029-09-11,2634.207,2702.4983,3139.4062
2029-09-12,2634.207,2702.0964,3139.2144
2029-09-13,2635.532,2702.0964,3139.2144
2029-09-14,2635.816,2702.0964,3140.0913
2029-09-15,2636.0977,2702.0964,3139.2456
2029-09-16,2636.0977,2702.0964,3139.2456
2029-09-17,2636.9705,2702.0964,3139.2456
2029-09-18,2638.3325,2702.0964,3139.2456
2029-09-19,2638.3325,2702.0964,3139.2456
2029-09-20,2638.3325,2702.516,3139.2456
2029-09-21,2638.3325,2702.516,3139.2456
2029-09-22,2638.3325,2702.516,3139.2456
2029-09-23,2637.8682,2702.4849,3139.2456
2029-09-24,2637.422,2702.4849,3139.2456
2029-09-25,2637.422,2702.5498,3138.4521
2029-09-26,2637.422,2702.5498,3138.4521
2029-09-27,2637.5115,2702.5498,3138.2244
2029-09-28,2637.5115,2702.5498,3137.5923
2029-09-29,2637.5115,2702.3965,3137.893
2029-09-30,2637.5115,2702.913,3137.893
2029-10-01,2637.054,2702.913,3137.893
2029-10-02,2637.054,2702.3965,3137.893
2029-10-03,2637.054,2702.7107,3137.9387
2029-10-04,2637.054,2702.864,3137.638
2029-10-05,2636.9646,2702.864,3137.638
2029-10-06,2636.9646,2702.864,3137.8657
2029-10-07,2636.9646,2702.864,3138.9365
2029-10-08,2637.4106,2702.864,3139.5686
2029-10-09,2637.4106,2702.864,3139.5686
2029-10-10,2637.875,2702.864,3138.7278
2029-10-11,2637.875,2702.864,3139.8618
2029-10-12,2637.875,2702.864,3139.8618
2029-10-13,2637.875,2702.864,3139.8618
2029-10-14,2637.875,2702.864,3139.8618
2029-10-15,2637.875,2702.864,3139.8618
2029-10-16,2637.0022,2702.864,3139.8618
2029-10-17,2637.401,2702.864,3138.8486
2029-10-18,2636.7205,2702.864,3140.3623
2029-10-19,2637.5425,2702.2244,3139.4854
2029-10-20,2637.5425,2703.471,3139.6772
2029-10-21,2637.5425,2702.9814,3139.6772
2029-10-22,2637.5425,2702.8145,3139.6772
2029-10-23,2637.5425,2702.8145,3139.6772
2029-10-24,2637.5425,2702.8145,3140.0225
2029-10-25,2637.5425,2702.8145,3139.6772
2029-10-26,2637.5425,2702.8145,3140.0225
2029-10-27,2637.5425,2702.8145,3139.6772
2029-10-28,2637.5425,2702.8145,3139.6772
2029-10-29,2637.5425,2702.8145,3139.6772
2029-10-30,2637.5425,2702.8145,3139.6772
2029-10-31,2637.5425,2702.8145,3139.6772
2029-11-01,2637.5425,2702.8145,3139.6772
2029-11-02,2637.5425,2702.8145,3139.6772
2029-11-03,2637.5425,2702.8145,3139.6772
2029-11-04,2637.5425,2702.8557,3139.6772
2029-11-05,2637.5425,2702.8557,3139.6772
2029-11-06,2637.5425,2702.8557,3139.6772
2029-11-07,2637.5425,2702.8557,3139.6772
2029-11-08,2637.5425,2702.8557,3139.6772
2029-11-09,2637.4084,2702.8557,3139.6772
2029-11-10,2637.4084,2702.8557,3139.6772
2029-11-11,2637.4084,2702.8557,3139.6772
2029-11-12,2637.4084,2702.8557,3139.6772
2029-11-13,2637.4084,2702.8557,3139.6772
2029-11-14,2636.8748,2702.575,3139.6772
2029-11-15,2636.8748,2702.575,3139.6772
2029-11-16,2636.8748,2702.575,3139.6772
2029-11-17,2636.8748,2702.575,3139.6772
2029-11-18,2636.8748,2702.575,3139.6772
2029-11-19,2637.6697,2702.575,3139.6772
2029-11-20,2637.6697,2702.6204,3140.1338
2029-11-21,2637.6697,2703.3115,3140.1338
2029-11-22,2637.6697,2703.3115,3140.1338
2029-11-23,2637.6697,2703.3115,3139.4124
2029-11-24,2637.6697,2703.3115,3139.4124
2029-11-25,2637.6697,2704.5015,3139.4631
2029-11-26,2637.6697,2705.6267,3139.4631
2029-11-27,2637.6697,2727.029,3139.4631
2029-11-28,2637.6697,2737.5154,3139.4631
2029-11-29,2637.6697,2740.3218,3139.4631
2029-11-30,2637.6697,2743.638,3139.8083
2029-12-01,2637.6697,2745.1902,3139.0684
2029-12-02,2637.6697,2746.604,3139.5266
2029-12-03,2637.6697,2746.604,3139.5266
2029-12-04,2637.6697,2746.7598,3139.5266
2029-12-05,2637.6697,2746.7598,3139.5266
2029-12-06,2637.6697,2746.7598,3139.5266
2029-12-07,2637.6697,2746.7598,3139.1814
2029-12-08,2637.6697,2746.7598,3139.5266
2029-12-09,2637.6697,2746.2444,3139.5266
2029-12-10,2637.6697,2746.2444,3139.5266
2029-12-11,2637.6697,2746.2444,3139.5266
2029-12-12,2637.6697,2746.2444,3139.5266
2029-12-13,2637.6697,2746.2444,3139.5266
2029-12-14,2637.6697,2746.2444,3139.5266
2029-12-15,2637.6697,2746.2444,3139.5266
2029-12-16,2637.6697,2746.2444,3139.5266
2029-12-17,2637.6697,2745.8506,3139.5266
2029-12-18,2637.2378,2745.6797,3139.5266
2029-12-19,2637.2378,2745.5625,3139.5266
2029-12-20,2638.802,2746.0642,3139.5266
2029-12-21,2642.271,2745.8796,3139.5266
2029-12-22,2645.359,2745.8796,3139.7456
2029-12-23,2645.7715,2746.1526,3139.825
2029-12-24,2650.3376,2746.1526,3139.825
2029-12-25,2650.7622,2745.745,3138.6846
2029-12-26,2651.2769,2746.227,3138.064
2029-12-27,2651.2769,2746.227,3139.1873
2029-12-28,2651.2769,2746.227,3139.8193
2029-12-29,2651.2769,2746.227,3140.475
2029-12-30,2652.187,2746.227,3140.475
2029-12-31,2651.6426,2745.411,3135.7449
2030-01-01,2650.9668,2743.7886,3136.9087
2030-01-02,2650.2388,2741.891,3136.9087
2030-01-03,2650.2388,2740.4277,3136.3433
2030-01-04,2650.2388,2739.1028,3136.3433
2030-01-05,2650.2388,2739.1028,3136.3433
2030-01-06,2650.2388,2738.6167,3134.6658
2030-01-07,2650.2388,2738.9072,3137.2346
2030-01-08,2649.4414,2738.9072,3138.4124
2030-01-09,2650.111,2738.1902,3138.965
2030-01-10,2650.0564,2738.9644,3138.965
2030-01-11,2650.0564,2738.3748,3138.3843
2030-01-12,2650.234,2738.3748,3137.7522
2030-01-13,2650.234,2738.492,3138.6526
2030-01-14,2650.234,2738.492,3139.2847
2030-01-15,2650.234,2738.492,3139.2847
2030-01-16,2650.234,2738.492,3139.2847
2030-01-17,2650.234,2738.492,3139.2847
2030-01-18,2650.234,2738.492,3139.2847
2030-01-19,2650.234,2738.492,3139.2847
2030-01-20,2650.234,2738.492,3139.2847
2030-01-21,2650.234,2738.492,3139.2847
2030-01-22,2650.234,2738.492,3139.2847
2030-01-23,2650.234,2738.492,3139.2847
2030-01-24,2650.234,2738.492,3139.0117
2030-01-25,2650.234,2738.492,3139.0117
2030-01-26,2650.234,2738.492,3139.0117
2030-01-27,2650.234,2738.492,3139.0117
2030-01-28,2650.234,2738.492,3139.0117
2030-01-29,2650.234,2738.492,3139.0117
2030-01-30,2650.234,2738.492,3139.6323
2030-01-31,2650.234,2738.492,3139.1091
2030-02-01,2650.234,2738.492,3139.1091
2030-02-02,2650.234,2738.492,3139.1091
2030-02-03,2650.234,2738.932,3139.1091
2030-02-04,2650.234,2738.8845,3139.1091
2030-02-05,2650.234,2738.8845,3139.1091
2030-02-06,2650.234,2738.8845,3137.1616
2030-02-07,2650.234,2738.8845,3137.5073
2030-02-08,2650.234,2738.8845,3138.2004
2030-02-09,2650.234,2738.8845,3138.2004
2030-02-10,2648.9443,2738.8845,3138.2004
2030-02-11,2649.5261,2738.8845,3138.2004
2030-02-12,2649.265,2738.8845,3138.2004
2030-02-13,2649.265,2738.8845,3138.2004
2030-02-14,2649.1062,2738.8845,3138.2004
2030-02-15,2648.7559,2738.8186,3138.2004
2030-02-16,2648.453,2738.8186,3138.2004
2030-02-17,2648.453,2738.8186,3138.2004
2030-02-18,2648.453,2738.8186,3137.5652
2030-02-19,2648.453,2738.8186,3137.5652
2030-02-20,2648.453,2738.8186,3137.5652
2030-02-21,2648.453,2738.8186,3137.5693
2030-02-22,2648.587,2738.8186,3137.5693
2030-02-23,2648.3196,2738.8186,3137.5693
2030-02-24,2648.3196,2738.8186,3137.5693
2030-02-25,2648.3196,2738.8186,3137.5693
2030-02-26,2648.3196,2738.8186,3137.5693
2030-02-27,2648.3196,2738.7773,3137.5693
2030-02-28,2648.3196,2738.7773,3137.3447
2030-03-01,2648.3196,2738.7773,3137.3447
2030-03-02,2648.3196,2738.7773,3137.3447
2030-03-03,2648.3196,2738.7773,3137.3447
2030-03-04,2648.3196,2739.103,3137.3447
2030-03-05,2648.3196,2741.3735,3137.3447
2030-03-06,2648.3196,2741.3735,3137.3447
2030-03-07,2648.3196,2741.3735,3137.3447
2030-03-08,2648.3196,2741.3735,3137.3447
2030-03-09,2648.3196,2741.3735,3137.3447
2030-03-10,2648.3196,2742.6685,3137.3447
2030-03-11,2633.0483,2742.621,3137.3447
2030-03-12,2631.2178,2740.9258,3137.3447
2030-03-13,2630.8909,2740.0408,3137.3447
2030-03-14,2629.4822,2740.2876,3137.3447
2030-03-15,2628.2383,2740.8716,3137.3447
2030-03-16,2626.0486,2740.7231,3137.3447
2030-03-17,2626.0486,2741.3416,3137.3447
2030-03-18,2626.0486,2741.3416,3136.9954
2030-03-19,2626.0486,2741.3416,3136.3022
2030-03-20,2626.0486,2741.3416,3136.3022
2030-03-21,2626.0486,2741.3416,3136.3022
2030-03-22,2626.0486,2741.3416,3136.3022
2030-03-23,2626.0486,2741.1257,3135.1682
2030-03-24,2626.8616,2741.1257,3135.7798
2030-03-25,2625.811,2741.1257,3135.7798
2030-03-26,2625.811,2741.1257,3136.2083
2030-03-27,2625.5288,2741.1257,3135.8708
2030-03-28,2625.7336,2741.0447,3135.8708
2030-03-29,2625.3523,2742.0742,3136.1738
2030-03-30,2625.3523,2742.9592,3136.1738
2030-03-31,2625.3523,2744.4226,3135.5654
2030-04-01,2624.8877,2745.2905,3135.5654
2030-04-02,2624.8877,2745.2905,3135.5654
2030-04-03,2624.8877,2745.2905,3135.472
2030-04-04,2624.8877,2745.2905,3136.0347
2030-04-05,2625.614,2745.2905,3135.7317
2030-04-06,2624.0735,2745.3716,3135.7317
2030-04-07,2622.5854,2744.4463,3135.7317
2030-04-08,2619.477,2744.3813,3135.3032
2030-04-09,2619.167,2744.3813,3135.3032
2030-04-10,2619.8074,2744.0977,3136.2146
2030-04-11,2619.8074,2744.3135,3135.2637
2030-04-12,2619.8074,2742.8428,3135.2637
2030-04-13,2619.8074,2738.6287,3135.2637
2030-04-14,2619.8074,2735.5293,3135.2637
2030-04-15,2620.2515,2732.1091,3135.2637
2030-04-16,2620.2515,2730.0356,3135.2637
2030-04-17,2620.2515,2729.515,3135.2637
2030-04-18,2620.2515,2726.61,3135.2637
2030-04-19,2620.2515,2723.333,3135.2637
2030-04-20,2620.2515,2718.7778,3135.2637
2030-04-21,2620.5784,2714.9368,3135.2637
2030-04-22,2620.8884,2710.4531,3135.2637
2030-04-23,2620.8884,2708.0894,3135.2637
2030-04-24,2620.8884,2706.164,3135.2637
2030-04-25,2620.8884,2705.514,3135.2637
2030-04-26,2620.8884,2703.8801,3135.2637
2030-04-27,2620.8884,2700.7957,3135.541
2030-04-28,2620.8884,2700.1765,3135.541
2030-04-29,2620.8884,2700.1765,3135.541
2030-04-30,2620.8884,2699.0708,3135.541
2030-05-01,2620.8884,2702.9324,3135.541
2030-05-02,2620.8884,2700.4485,3135.0845
2030-05-03,2620.8884,2699.8293,3135.0845
2030-05-04,2620.8884,2699.0708,3135.0845
2030-05-05,2620.8884,2702.9324,3135.309
2030-05-06,2620.8884,2700.4485,3135.309
2030-05-07,2620.8884,2699.8293,3135.309
2030-05-08,2620.8884,2699.0708,3135.309
2030-05-09,2620.8884,2702.9324,3135.309
2030-05-10,2621.1558,2700.4485,3135.309
2030-05-11,2621.1558,2699.8293,3135.309
2030-05-12,2621.1558,2699.0708,3135.305
2030-05-13,2621.1558,2703.1992,3135.305
2030-05-14,2621.1558,2700.7153,3135.305
2030-05-15,2621.1558,2700.0962,3135.9402
2030-05-16,2621.1558,2699.3376,3135.9402
2030-05-17,2621.3264,2703.1992,3135.9402
2030-05-18,2621.6768,2700.8574,3135.9402
2030-05-19,2621.8354,2700.2383,3135.9402
2030-05-20,2621.8354,2699.4797,3135.9402
2030-05-21,2621.8354,2699.4797,3135.9402
2030-05-22,2621.8354,2699.4797,3135.9402
2030-05-23,2621.8987,2699.6558,3135.9402
2030-05-24,2621.8987,2699.6558,3135.9402
2030-05-25,2621.8987,2699.6558,3135.9402
2030-05-26,2621.4546,2699.6558,3134.3508
2030-05-27,2621.4546,2699.6558,3136.2983
2030-05-28,2621.4546,2699.6558,3136.2983
2030-05-29,2621.4546,2699.6558,3136.2983
2030-05-30,2621.4546,2699.6558,3136.2983
2030-05-31,2621.4546,2699.6558,3136.2983
2030-06-01,2621.4546,2699.6558,3136.426
2030-06-02,2622.3042,2699.957,3136.9563
2030-06-03,2622.3042,2699.957,3136.3357
2030-06-04,2622.3042,2699.957,3136.3357
2030-06-05,2622.3042,2699.957,3135.3638
2030-06-06,2622.3042,2699.957,3135.3638
2030-06-07,2622.3042,2699.3733,3135.3638
2030-06-08,2622.3042,2703.2349,3135.3638
2030-06-09,2621.2344,2700.751,3135.3638
2030-06-10,2621.2344,2700.1318,3135.3638
2030-06-11,2621.2344,2699.3733,3135.3638
2030-06-12,2621.2344,2703.488,3135.3638
2030-06-13,2621.2344,2701.0042,3134.7031
2030-06-14,2621.2344,2700.385,3134.555
2030-06-15,2621.2344,2699.6265,3134.555
2030-06-16,2621.6785,2699.6265,3134.4495
2030-06-17,2621.6785,2699.6265,3134.4495
2030-06-18,2621.6785,2699.6265,3134.7524
2030-06-19,2621.6785,2699.6265,3134.7524
2030-06-20,2621.6785,2699.6265,3134.7524
2030-06-21,2621.6785,2699.6265,3134.7524
2030-06-22,2621.6785,2699.6265,3134.7524
2030-06-23,2621.6785,2699.6265,3134.7524
2030-06-24,2622.3755,2699.6265,3135.0408
2030-06-25,2622.3755,2699.6265,3135.0408
2030-06-26,2622.3755,2699.6265,3135.0408
2030-06-27,2622.3755,2699.6265,3135.0408
2030-06-28,2622.3755,2699.6265,3135.0408
2030-06-29,2622.1035,2699.6265,3135.0293
2030-06-30,2622.1035,2699.3877,3135.0293
2030-07-01,2622.2896,2703.2493,3135.0293
2030-07-02,2622.2896,2701.0618,3135.0293
2030-07-03,2622.4824,2700.4426,3135.8586
2030-07-04,2622.4824,2700.4426,3135.8586
2030-07-05,2622.4824,2700.4426,3135.8586
2030-07-06,2622.4824,2700.4426,3135.562
2030-07-07,2622.4824,2700.4426,3135.562
2030-07-08,2622.4824,2700.4426,3135.562
2030-07-09,2622.4824,2700.4426,3135.562
2030-07-10,2622.4824,2700.4426,3135.465
2030-07-11,2622.4824,2700.4426,3135.465
2030-07-12,2622.4824,2700.4426,3135.465
2030-07-13,2622.4824,2700.4426,3135.465
2030-07-14,2622.4824,2700.4426,3135.465
2030-07-15,2622.4824,2700.4426,3135.465
2030-07-16,2622.366,2700.4426,3135.465
2030-07-17,2622.366,2700.4426,3135.465
2030-07-18,2622.366,2700.4426,3135.465
2030-07-19,2622.366,2700.4426,3135.465
2030-07-20,2622.366,2700.4426,3135.465
2030-07-21,2622.366,2700.4426,3135.465
2030-07-22,2622.366,2700.4426,3135.465
2030-07-23,2622.366,2700.4426,3135.465
2030-07-24,2622.366,2700.4426,3135.465
2030-07-25,2622.366,2700.4426,3135.465
2030-07-26,2622.366,2700.4426,3135.465
2030-07-27,2622.366,2700.7732,3135.465
2030-07-28,2622.366,2700.7732,3135.465
2030-07-29,2622.366,2700.7732,3135.465
2030-07-30,2622.366,2700.7732,3135.465
2030-07-31,2622.366,2700.7732,3135.465
2030-08-01,2622.366,2700.472,3136.7117
2030-08-02,2622.366,2700.472,3136.7117
2030-08-03,2622.366,2700.472,3136.7117
2030-08-04,2622.366,2700.472,3136.7117
2030-08-05,2622.366,2701.4277,3136.7117
2030-08-06,2622.366,2701.8418,3136.7117
2030-08-07,2622.366,2701.8418,3136.7117
2030-08-08,2622.366,2701.8418,3136.6992
2030-08-09,2622.366,2701.8418,3136.6992
2030-08-10,2622.366,2701.8418,3136.964
2030-08-11,2622.366,2701.8418,3136.964
2030-08-12,2622.366,2701.8418,3136.964
2030-08-13,2622.366,2701.8418,3136.964
2030-08-14,2622.366,2701.8418,3136.964
2030-08-15,2622.366,2701.8418,3136.964
2030-08-16,2622.366,2701.8418,3136.964
2030-08-17,2622.366,2701.8418,3137.4146
2030-08-18,2622.366,2701.8418,3138.1077
2030-08-19,2622.366,2701.8418,3138.1077
2030-08-20,2622.366,2701.8418,3138.1077
2030-08-21,2622.366,2701.8418,3138.1077
2030-08-22,2622.366,2701.8418,3138.1077
2030-08-23,2622.366,2701.8418,3138.1077
2030-08-24,2622.366,2701.8418,3138.1077
2030-08-25,2622.366,2701.8418,3138.1077
2030-08-26,2622.366,2701.8418,3138.1077
2030-08-27,2622.366,2701.8418,3138.1077
2030-08-28,2622.366,2701.8418,3138.1077
2030-08-29,2622.366,2701.8418,3138.1077
2030-08-30,2622.366,2701.8418,3138.1077
2030-08-31,2622.366,2701.8418,3138.7864
2030-09-01,2622.366,2701.8418,3139.6836
2030-09-02,2622.366,2701.8418,3139.6836
2030-09-03,2622.366,2701.8418,3139.6836
2030-09-04,2622.366,2701.8418,3139.6836
2030-09-05,2622.366,2701.8418,3139.6836
2030-09-06,2622.366,2701.8418,3139.4062
2030-09-07,2622.366,2701.8418,3139.4062
2030-09-08,2622.366,2701.8418,3139.4062
2030-09-09,2622.366,2701.8418,3139.4062
2030-09-10,2622.366,2701.8418,3139.4062
2030-09-11,2622.366,2702.4983,3139.4062
2030-09-12,2622.366,2702.0964,3139.2144
2030-09-13,2623.691,2702.0964,3139.2144
2030-09-14,2624.9346,2702.0964,3140.0913
2030-09-15,2626.7043,2702.0964,3139.2456
2030-09-16,2628.021,2702.0964,3139.2456
2030-09-17,2628.8938,2702.0964,3139.2456
2030-09-18,2631.0835,2702.0964,3139.2456
2030-09-19,2632.3274,2702.0964,3139.2456
2030-09-20,2633.736,2702.516,3139.2456
2030-09-21,2634.308,2702.516,3139.2456
2030-09-22,2634.308,2702.516,3139.2456
2030-09-23,2633.8438,2702.4849,3139.2456
2030-09-24,2633.3977,2702.4849,3139.2456
2030-09-25,2633.3977,2702.5498,3138.4521
2030-09-26,2633.3977,2702.5498,3138.4521
2030-09-27,2633.487,2702.5498,3138.2244
2030-09-28,2633.7185,2702.5498,3137.5923
2030-09-29,2633.7185,2702.3965,3137.893
2030-09-30,2633.7185,2702.913,3137.893
2030-10-01,2633.7185,2702.913,3137.893
2030-10-02,2633.7185,2702.3965,3137.893
2030-10-03,2633.7185,2702.7107,3137.9387
2030-10-04,2633.7185,2702.864,3137.638
2030-10-05,2633.6292,2702.864,3137.638
2030-10-06,2633.6292,2702.864,3137.8657
2030-10-07,2633.6292,2702.864,3138.9365
2030-10-08,2634.0752,2702.864,3139.5686
2030-10-09,2634.0752,2702.864,3139.5686
2030-10-10,2634.5396,2702.864,3138.7278
2030-10-11,2634.5396,2702.864,3139.8618
2030-10-12,2634.5396,2702.864,3139.8618
2030-10-13,2634.5396,2702.864,3139.8618
2030-10-14,2634.5396,2702.864,3139.8618
2030-10-15,2634.5396,2702.864,3139.8618
2030-10-16,2633.6667,2702.864,3139.8618
2030-10-17,2634.0654,2702.864,3138.8486
2030-10-18,2633.385,2702.864,3140.3623
2030-10-19,2634.207,2702.2244,3139.4854
2030-10-20,2634.207,2703.471,3139.6772
2030-10-21,2634.207,2702.9814,3139.6772
2030-10-22,2634.207,2702.8145,3139.6772
2030-10-23,2634.207,2702.8145,3139.6772
2030-10-24,2634.207,2702.8145,3140.0225
2030-10-25,2634.207,2702.8145,3139.6772
2030-10-26,2634.207,2702.8145,3140.0225
2030-10-27,2634.207,2702.8145,3139.6772
2030-10-28,2634.207,2702.8145,3139.6772
2030-10-29,2634.207,2702.8145,3139.6772
2030-10-30,2634.207,2702.8145,3139.6772
2030-10-31,2634.207,2702.8145,3139.6772
2030-11-01,2634.207,2702.8145,3139.6772
2030-11-02,2634.207,2702.8145,3139.6772
2030-11-03,2634.207,2702.8145,3139.6772
2030-11-04,2634.207,2702.8557,3139.6772
2030-11-05,2634.207,2702.8557,3139.6772
2030-11-06,2634.207,2702.8557,3139.6772
2030-11-07,2634.207,2702.8557,3139.6772
2030-11-08,2634.207,2702.8557,3139.6772
2030-11-09,2634.073,2702.8557,3139.6772
2030-11-10,2634.073,2702.8557,3139.6772
2030-11-11,2634.073,2702.8557,3139.6772
2030-11-12,2634.073,2702.8557,3139.6772
2030-11-13,2634.073,2702.8557,3139.6772
2030-11-14,2633.5393,2702.575,3139.6772
2030-11-15,2633.5393,2702.575,3139.6772
2030-11-16,2633.5393,2702.575,3139.6772
2030-11-17,2633.5393,2702.575,3139.6772
2030-11-18,2633.5393,2702.575,3139.6772
2030-11-19,2634.3342,2702.575,3139.6772
2030-11-20,2634.3342,2702.6204,3140.1338
2030-11-21,2634.3342,2703.3115,3140.1338
2030-11-22,2634.3342,2703.3115,3140.1338
2030-11-23,2634.3342,2703.3115,3139.4124
2030-11-24,2634.3342,2703.3115,3139.4124
2030-11-25,2634.3342,2706.6548,3139.4631
2030-11-26,2634.3342,2709.8818,3139.4631
2030-11-27,2634.3342,2723.7327,3139.4631
2030-11-28,2634.3342,2731.946,3139.4631
2030-11-29,2634.3342,2734.6008,3139.4631
2030-11-30,2634.3342,2735.3945,3139.8083
2030-12-01,2634.3342,2735.9028,3139.0684
2030-12-02,2634.3342,2737.7412,3139.5266
2030-12-03,2634.3342,2739.8252,3139.5266
2030-12-04,2634.3342,2742.9976,3139.5266
2030-12-05,2634.3342,2745.346,3139.5266
2030-12-06,2634.3342,2746.7598,3139.5266
2030-12-07,2634.3342,2746.7598,3139.1814
2030-12-08,2634.3342,2746.7598,3139.5266
2030-12-09,2634.3342,2746.816,3139.5266
2030-12-10,2634.3342,2746.2444,3139.5266
2030-12-11,2634.3342,2746.2444,3139.5266
2030-12-12,2634.3342,2746.2444,3139.5266
2030-12-13,2634.3342,2746.2444,3139.5266
2030-12-14,2634.3342,2746.2444,3139.5266
2030-12-15,2634.3342,2746.2444,3139.5266
2030-12-16,2634.3342,2746.2444,3139.5266
2030-12-17,2634.3342,2745.8506,3139.5266
2030-12-18,2633.9023,2745.8506,3139.5266
2030-12-19,2633.9023,2745.7334,3139.5266
2030-12-20,2635.4666,2746.0642,3139.5266
2030-12-21,2637.8975,2745.8796,3139.5266
2030-12-22,2638.5908,2745.8796,3139.7456
2030-12-23,2642.0598,2746.1526,3139.825
2030-12-24,2644.952,2746.1526,3139.825
2030-12-25,2645.3645,2745.745,3138.6846
2030-12-26,2645.8792,2746.227,3138.064
2030-12-27,2651.3098,2746.227,3139.1873
2030-12-28,2651.2769,2746.227,3139.8193
2030-12-29,2651.2769,2746.227,3140.475
2030-12-30,2652.187,2746.227,3140.475
2030-12-31,2651.6426,2745.411,3135.7449
