search_space,order,seasonal_order,MAE,RMSE
monthly_approximation,"(0, 0, 0)","(0, 0, 0, 30)",802.8927123560077,803.166333494408
monthly_approximation,"(0, 0, 0)","(0, 0, 1, 30)",781.3642555943362,787.5926283481112
monthly_approximation,"(0, 0, 0)","(0, 1, 0, 30)",42.07657496879846,46.94640826443923
monthly_approximation,"(0, 0, 0)","(0, 1, 1, 30)",41.90744989217058,46.78112631868939
monthly_approximation,"(0, 0, 0)","(1, 0, 0, 30)",41.098444716979785,45.928465855409605
monthly_approximation,"(0, 0, 0)","(1, 0, 1, 30)",41.20114104998849,46.04350667935483
monthly_approximation,"(0, 0, 0)","(1, 1, 0, 30)",42.262128395163195,47.1645190468971
monthly_approximation,"(0, 0, 0)","(1, 1, 1, 30)",42.48741854781298,47.39524034910051
monthly_approximation,"(0, 0, 1)","(0, 0, 0, 30)",802.1666092307112,802.6512404030369
monthly_approximation,"(0, 0, 1)","(0, 0, 1, 30)",780.7205232663454,787.214217797702
monthly_approximation,"(0, 0, 1)","(0, 1, 0, 30)",42.17210556903873,47.04042835649582
monthly_approximation,"(0, 0, 1)","(0, 1, 1, 30)",42.08716202685769,46.955247014197965
monthly_approximation,"(0, 0, 1)","(1, 0, 0, 30)",41.30630324762689,46.13882085082877
monthly_approximation,"(0, 0, 1)","(1, 0, 1, 30)",41.507823673668085,46.350203427069836
monthly_approximation,"(0, 0, 1)","(1, 1, 0, 30)",42.367055198110656,47.24893438396482
monthly_approximation,"(0, 0, 1)","(1, 1, 1, 30)",42.76034956655327,47.64857594030748
monthly_approximation,"(0, 0, 2)","(0, 0, 0, 30)",801.4447269063877,802.223134743316
monthly_approximation,"(0, 0, 2)","(0, 0, 1, 30)",780.3532455052808,786.9766786643715
monthly_approximation,"(0, 0, 2)","(0, 1, 0, 30)",42.17114747596185,47.03954724179447
monthly_approximation,"(0, 0, 2)","(0, 1, 1, 30)",42.173157222746596,47.04085874036552
monthly_approximation,"(0, 0, 2)","(1, 0, 0, 30)",41.4446610303775,46.28271054002382
monthly_approximation,"(0, 0, 2)","(1, 0, 1, 30)",41.21563877263824,46.044901068792385
monthly_approximation,"(0, 0, 2)","(1, 1, 0, 30)",42.27761602692833,47.146173676269285
monthly_approximation,"(0, 0, 2)","(1, 1, 1, 30)",42.95661915371746,47.82223613417693
monthly_approximation,"(0, 1, 0)","(0, 0, 0, 30)",45.97955065600771,50.53286834320829
monthly_approximation,"(0, 1, 0)","(0, 0, 1, 30)",46.00099880593576,50.55357291699491
monthly_approximation,"(0, 1, 0)","(0, 1, 0, 30)",75.25562144252072,82.92872828413523
monthly_approximation,"(0, 1, 0)","(0, 1, 1, 30)",46.429771097449475,50.985424412836934
monthly_approximation,"(0, 1, 0)","(1, 0, 0, 30)",45.99968827433903,50.55231293974725
monthly_approximation,"(0, 1, 0)","(1, 0, 1, 30)",45.99712910178143,50.54980179940863
monthly_approximation,"(0, 1, 0)","(1, 1, 0, 30)",67.68182564513637,74.38655783540139
monthly_approximation,"(0, 1, 0)","(1, 1, 1, 30)",46.43615128144166,50.99208835912331
monthly_approximation,"(0, 1, 1)","(0, 0, 0, 30)",46.05835703390479,50.60458434891339
monthly_approximation,"(0, 1, 1)","(0, 0, 1, 30)",46.06924298148203,50.61513712583867
monthly_approximation,"(0, 1, 1)","(0, 1, 0, 30)",75.36416431204579,83.04903606899069
monthly_approximation,"(0, 1, 1)","(0, 1, 1, 30)",46.98227834091534,51.55294259084948
monthly_approximation,"(0, 1, 1)","(1, 0, 0, 30)",46.06681241420657,50.61278282756936
monthly_approximation,"(0, 1, 1)","(1, 0, 1, 30)",46.06303926134495,50.60910142038147
monthly_approximation,"(0, 1, 1)","(1, 1, 0, 30)",67.4517220241343,74.13523214131149
monthly_approximation,"(0, 1, 1)","(1, 1, 1, 30)",46.98061507934701,51.55118537469924
monthly_approximation,"(0, 1, 2)","(0, 0, 0, 30)",46.16191632568334,50.69893828442761
monthly_approximation,"(0, 1, 2)","(0, 0, 1, 30)",46.15989148436298,50.69724827021514
monthly_approximation,"(0, 1, 2)","(0, 1, 0, 30)",75.42137229320343,83.11245544793397
monthly_approximation,"(0, 1, 2)","(0, 1, 1, 30)",47.25260857964636,51.82093957445892
monthly_approximation,"(0, 1, 2)","(1, 0, 0, 30)",46.15817887076344,50.695476787716885
monthly_approximation,"(0, 1, 2)","(1, 0, 1, 30)",46.15417422994778,50.69171011007723
monthly_approximation,"(0, 1, 2)","(1, 1, 0, 30)",67.59538777413053,74.29129891828237
monthly_approximation,"(0, 1, 2)","(1, 1, 1, 30)",47.243578568148564,51.811449142594675
monthly_approximation,"(1, 0, 0)","(0, 0, 0, 30)",44.35483229760671,48.83623557033322
monthly_approximation,"(1, 0, 0)","(0, 0, 1, 30)",47.03082977002276,51.62621753951768
monthly_approximation,"(1, 0, 0)","(0, 1, 0, 30)",49.46484925634803,54.26451513268102
monthly_approximation,"(1, 0, 0)","(0, 1, 1, 30)",30.94330741251502,35.335371812469226
monthly_approximation,"(1, 0, 0)","(1, 0, 0, 30)",46.738558476231944,51.328038544796144
monthly_approximation,"(1, 0, 0)","(1, 0, 1, 30)",45.97432590409455,50.52583971182795
monthly_approximation,"(1, 0, 0)","(1, 1, 0, 30)",52.57850018733763,57.57514950105514
monthly_approximation,"(1, 0, 0)","(1, 1, 1, 30)",30.941266698183842,35.33343437022657
monthly_approximation,"(1, 0, 1)","(0, 0, 0, 30)",44.65078241097922,49.13346479850749
monthly_approximation,"(1, 0, 1)","(0, 0, 1, 30)",50.70304563464762,55.49337047442835
monthly_approximation,"(1, 0, 1)","(0, 1, 0, 30)",48.891800030780836,53.66756764140528
monthly_approximation,"(1, 0, 1)","(0, 1, 1, 30)",30.499440777347647,34.890252612248354
monthly_approximation,"(1, 0, 1)","(1, 0, 0, 30)",46.83815288188639,51.423187347019194
monthly_approximation,"(1, 0, 1)","(1, 0, 1, 30)",47.46256142089446,52.08312879592067
monthly_approximation,"(1, 0, 1)","(1, 1, 0, 30)",51.68645531306253,56.630621450632965
monthly_approximation,"(1, 0, 1)","(1, 1, 1, 30)",30.502585644133138,34.89332332103716
monthly_approximation,"(1, 0, 2)","(0, 0, 0, 30)",44.941705584761955,49.42313515811889
monthly_approximation,"(1, 0, 2)","(0, 0, 1, 30)",45.99859866230844,50.51261862459949
monthly_approximation,"(1, 0, 2)","(0, 1, 0, 30)",48.71294388848977,53.481245094490724
monthly_approximation,"(1, 0, 2)","(0, 1, 1, 30)",30.192757523000754,34.579105347132355
monthly_approximation,"(1, 0, 2)","(1, 0, 0, 30)",46.88598842452395,51.46691768697521
monthly_approximation,"(1, 0, 2)","(1, 0, 1, 30)",46.991335560955754,51.570046738950175
monthly_approximation,"(1, 0, 2)","(1, 1, 0, 30)",51.17713088522718,56.086562889749004
monthly_approximation,"(1, 0, 2)","(1, 1, 1, 30)",30.193557546995873,34.57992781411851
monthly_approximation,"(1, 1, 0)","(0, 0, 0, 30)",46.08058355067184,50.62482916200813
monthly_approximation,"(1, 1, 0)","(0, 0, 1, 30)",46.088807238679195,50.632850507601766
monthly_approximation,"(1, 1, 0)","(0, 1, 0, 30)",75.38294663211946,83.06985752463872
monthly_approximation,"(1, 1, 0)","(0, 1, 1, 30)",47.069309052525306,51.64067821644969
monthly_approximation,"(1, 1, 0)","(1, 0, 0, 30)",46.086284922303555,50.630405658146536
monthly_approximation,"(1, 1, 0)","(1, 0, 1, 30)",46.08399261913479,50.62815985083898
monthly_approximation,"(1, 1, 0)","(1, 1, 0, 30)",67.44774746495658,74.13074805493983
monthly_approximation,"(1, 1, 0)","(1, 1, 1, 30)",47.06412798447155,51.63524297974174
monthly_approximation,"(1, 1, 1)","(0, 0, 0, 30)",52.171409546112315,56.56198932916745
monthly_approximation,"(1, 1, 1)","(0, 0, 1, 30)",52.42376342784447,56.81899772083561
monthly_approximation,"(1, 1, 1)","(0, 1, 0, 30)",82.75257448074757,91.29258536961122
monthly_approximation,"(1, 1, 1)","(0, 1, 1, 30)",54.95469183283088,59.48197465102406
monthly_approximation,"(1, 1, 1)","(1, 0, 0, 30)",52.432549638274686,56.82856658554515
monthly_approximation,"(1, 1, 1)","(1, 0, 1, 30)",52.43416865640915,56.8316519679727
monthly_approximation,"(1, 1, 1)","(1, 1, 0, 30)",75.47150266005359,82.97706801277869
monthly_approximation,"(1, 1, 1)","(1, 1, 1, 30)",54.95195505576665,59.47907072544469
monthly_approximation,"(1, 1, 2)","(0, 0, 0, 30)",52.163575942649636,56.571085355892755
monthly_approximation,"(1, 1, 2)","(0, 0, 1, 30)",52.39618972292998,56.80689735145773
monthly_approximation,"(1, 1, 2)","(0, 1, 0, 30)",81.66028312977987,90.07389148581179
monthly_approximation,"(1, 1, 2)","(0, 1, 1, 30)",55.04577475479059,59.60020568120491
monthly_approximation,"(1, 1, 2)","(1, 0, 0, 30)",52.39436626403722,56.80552122817144
monthly_approximation,"(1, 1, 2)","(1, 0, 1, 30)",52.40505535183052,56.818370942204986
monthly_approximation,"(1, 1, 2)","(1, 1, 0, 30)",74.31707833329608,81.70799765142348
monthly_approximation,"(1, 1, 2)","(1, 1, 1, 30)",55.0476020115882,59.60219546028138
monthly_approximation,"(2, 0, 0)","(0, 0, 0, 30)",44.615970826849,49.094631658080246
monthly_approximation,"(2, 0, 0)","(0, 0, 1, 30)",46.916882218731274,51.467548262036985
monthly_approximation,"(2, 0, 0)","(0, 1, 0, 30)",48.84466190490333,53.61842653680286
monthly_approximation,"(2, 0, 0)","(0, 1, 1, 30)",30.37996889614149,34.77077257339713
monthly_approximation,"(2, 0, 0)","(1, 0, 0, 30)",46.667720263946194,51.24063718768135
monthly_approximation,"(2, 0, 0)","(1, 0, 1, 30)",46.66437804333089,51.23668543569312
monthly_approximation,"(2, 0, 0)","(1, 1, 0, 30)",51.59865937235239,56.53734295106787
monthly_approximation,"(2, 0, 0)","(1, 1, 1, 30)",30.38558089312419,34.77636183920325
monthly_approximation,"(2, 0, 1)","(0, 0, 0, 30)",45.67125602450617,50.11547259682497
monthly_approximation,"(2, 0, 1)","(0, 0, 1, 30)",54.74657396955513,59.68177711348741
monthly_approximation,"(2, 0, 1)","(0, 1, 0, 30)",47.41910326345219,52.02012836569016
monthly_approximation,"(2, 0, 1)","(0, 1, 1, 30)",15.186523580038354,18.281852560394096
monthly_approximation,"(2, 0, 1)","(1, 0, 0, 30)",49.532811190378155,54.181694333475704
monthly_approximation,"(2, 0, 1)","(1, 0, 1, 30)",50.312023400580806,55.01528746710629
monthly_approximation,"(2, 0, 1)","(1, 1, 0, 30)",49.54098424374512,54.20627810110625
monthly_approximation,"(2, 0, 1)","(1, 1, 1, 30)",15.203710095911335,18.297330752966857
monthly_approximation,"(2, 0, 2)","(0, 0, 0, 30)",49.02532744046831,53.410485011541525
monthly_approximation,"(2, 0, 2)","(0, 0, 1, 30)",54.27349196570478,58.65843600109999
monthly_approximation,"(2, 0, 2)","(0, 1, 0, 30)",47.35151127681061,51.961326289858484
monthly_approximation,"(2, 0, 2)","(0, 1, 1, 30)",15.334386695722655,18.68491636616353
monthly_approximation,"(2, 0, 2)","(1, 0, 0, 30)",56.70172462147673,61.61944663142167
monthly_approximation,"(2, 0, 2)","(1, 0, 1, 30)",54.957780509475036,60.080892676771384
monthly_approximation,"(2, 0, 2)","(1, 1, 0, 30)",44.90049094062076,49.51705852598076
monthly_approximation,"(2, 0, 2)","(1, 1, 1, 30)",27.62340729676705,31.917572979072727
monthly_approximation,"(2, 1, 0)","(0, 0, 0, 30)",46.228645087861274,50.75981414376926
monthly_approximation,"(2, 1, 0)","(0, 0, 1, 30)",46.221205614108726,50.752957280258514
monthly_approximation,"(2, 1, 0)","(0, 1, 0, 30)",75.44908210699938,83.14317778892173
monthly_approximation,"(2, 1, 0)","(0, 1, 1, 30)",47.373887811406895,51.938615929184174
monthly_approximation,"(2, 1, 0)","(1, 0, 0, 30)",46.21600047241952,50.74801756999919
monthly_approximation,"(2, 1, 0)","(1, 0, 1, 30)",46.21323730609989,50.74536686876602
monthly_approximation,"(2, 1, 0)","(1, 1, 0, 30)",67.73390552905586,74.44233127768355
monthly_approximation,"(2, 1, 0)","(1, 1, 1, 30)",47.36268330898077,51.92695677829828
monthly_approximation,"(2, 1, 1)","(0, 0, 0, 30)",52.192156749550406,56.5849308015165
monthly_approximation,"(2, 1, 1)","(0, 0, 1, 30)",52.39087403593574,56.801477233795545
monthly_approximation,"(2, 1, 1)","(0, 1, 0, 30)",81.66182263030652,90.07535573756371
monthly_approximation,"(2, 1, 1)","(0, 1, 1, 30)",54.96673301240948,59.51732665468924
monthly_approximation,"(2, 1, 1)","(1, 0, 0, 30)",52.39863463859909,56.81017237283604
monthly_approximation,"(2, 1, 1)","(1, 0, 1, 30)",52.39677828102972,56.80752428377858
monthly_approximation,"(2, 1, 1)","(1, 1, 0, 30)",53.65804187501591,58.76086409147337
monthly_approximation,"(2, 1, 1)","(1, 1, 1, 30)",54.97681729791042,59.52797055003842
monthly_approximation,"(2, 1, 2)","(0, 0, 0, 30)",52.212572992015794,56.6036514634929
monthly_approximation,"(2, 1, 2)","(0, 0, 1, 30)",52.490665966807704,56.88549284594278
monthly_approximation,"(2, 1, 2)","(0, 1, 0, 30)",82.14969456167879,90.62055497872753
monthly_approximation,"(2, 1, 2)","(0, 1, 1, 30)",55.360334129049605,59.90798132374681
monthly_approximation,"(2, 1, 2)","(1, 0, 0, 30)",52.30456068012379,56.6934307860876
monthly_approximation,"(2, 1, 2)","(1, 0, 1, 30)",52.49732044650369,56.89346453502678
monthly_approximation,"(2, 1, 2)","(1, 1, 0, 30)",73.25996583709971,80.50780265253057
monthly_approximation,"(2, 1, 2)","(1, 1, 1, 30)",55.34868065361543,59.89562244850837
